Workbook

Sheet BY INTERVENTION
A1: DEPARTMENT OF AGRICULTURE
A2: FY 2027 Plan and Budget Proposals (PBP)
A3: ACCOMPLISHED BY: DA RFO2
A5: Indicative Geographic and Intervention Targeting of FY 2027 Budget Proposals
A7: Region | B7: Province | C7: City/ Municipality | D7: LGU-Identified Co-Investment Intervention (2026 MAFIF & Meeting with Mindanao LCEs) | E7: DA OU's FY 2027 Proposed Allocation corresponding to the intervention in column 4 (if any) | G7: Additional FY 2027 Intervention Entry of the DA OU (if not reflected in Column 4) (specify the type of intervention) | H7: DA OU's FY 2027 Proposed Allocation corresponding to the intervention in Column 7 | J7: DA Operating Unit / Agency with Corresponding FY 2027 Proposal
E8: TIER 1 ('000) | F8: TIER 2 ('000) | H8: TIER 1 ('000) | I8: TIER 2 ('000)
A9: (1) | B9: (2) | C9: (3) | D9: (4) | E9: (5) | F9: (6) | G9: (7) | H9: (8) | I9: (9) | J9: (10) | AA9: Inferred Commodity/Industry
A10: Region 2 | B10: Batanes | C10: Basco | D10: Construction of Chinteb-Chahayan FMR, Brgy. San Antonio, Basco, Batanes | F10: 19500 | J10: DA-FMRDP | AA10: =_xlfn.IFS(J10="DA-FMRDP","Farm-to-Market Road",J10="DA-RFO2 RICE","Rice",J10="DA-RFO2 Rice Program","Rice",J10="DA-RFO2 CORN","Corn",J10="DA-RFO2 Corn Program","Corn",J10="DA-RFO2 HVCDP","High Value Crops (Vegetables/Fruits/Rootcrops)",J10="DA-RFO2 HVCDP Export","High Value Export Crops (Dragon Fruit/Ube/Okra/Banana)",J10="DA-RFO2 HVCDP Coffee","Coffee (HVCDP)",J10="DA-RFO2 LIVESTOCK","Livestock (Cattle/Carabao/Swine/Poultry)",J10="DA-RFO2 SAAD","Various Commodities (SAAD)",J10="DA-RFO2 4K","Various Commodities (4Ks)",J10="DA-RFO2 4KS","Various Commodities (4Ks)",J10="DA-RFO2 HALAL","Halal Food Products",J10="DA-RFO2 OAP","Organic Agriculture",J10="DA-RFO2 NUPAP","Vegetables (NUPAP/Urban Agri)",TRUE,IF(ISNUMBER(SEARCH("FMR",D10)),"Farm-to-Market Road",IF(ISNUMBER(SEARCH("RICE",D10)),"Rice",IF(ISNUMBER(SEARCH("CORN",D10)),"Corn",IF(ISNUMBER(SEARCH("HVCDP COFFEE",D10)),"Coffee (HVCDP)",IF(ISNUMBER(SEARCH("HVCDP EXPORT",D10)),"High Value Export Crops (Dragon Fruit/Ube/Okra/Banana)",IF(ISNUMBER(SEARCH("HVCDP",D10)),"High Value Crops (Vegetables/Fruits/Rootcrops)",IF(ISNUMBER(SEARCH("LIVESTOCK",D10)),"Livestock (Cattle/Carabao/Swine/Poultry)",IF(ISNUMBER(SEARCH("SAAD",D10)),"Various Commodities (SAAD)",IF(ISNUMBER(SEARCH("4KS",D10)),"Various Commodities (4Ks)",IF(ISNUMBER(SEARCH("4K",D10)),"Various Commodities (4Ks)",IF(ISNUMBER(SEARCH("HALAL",D10)),"Halal Food Products",IF(ISNUMBER(SEARCH("OAP",D10)),"Organic Agriculture",IF(ISNUMBER(SEARCH("NUPAP",D10)),"Vegetables (NUPAP/Urban Agri)","")))))))))))))) -> Farm-to-Market Road
A11: Region 2 | B11: Batanes | C11: Basco | D11: Construction of Sapuno-Malakdang FMR, Brgy. Kayvaluganan, Basco, Batanes | F11: 21500 | J11: DA-FMRDP | AA11: =_xlfn.IFS(J11="DA-FMRDP","Farm-to-Market Road",J11="DA-RFO2 RICE","Rice",J11="DA-RFO2 Rice Program","Rice",J11="DA-RFO2 CORN","Corn",J11="DA-RFO2 Corn Program","Corn",J11="DA-RFO2 HVCDP","High Value Crops (Vegetables/Fruits/Rootcrops)",J11="DA-RFO2 HVCDP Export","High Value Export Crops (Dragon Fruit/Ube/Okra/Banana)",J11="DA-RFO2 HVCDP Coffee","Coffee (HVCDP)",J11="DA-RFO2 LIVESTOCK","Livestock (Cattle/Carabao/Swine/Poultry)",J11="DA-RFO2 SAAD","Various Commodities (SAAD)",J11="DA-RFO2 4K","Various Commodities (4Ks)",J11="DA-RFO2 4KS","Various Commodities (4Ks)",J11="DA-RFO2 HALAL","Halal Food Products",J11="DA-RFO2 OAP","Organic Agriculture",J11="DA-RFO2 NUPAP","Vegetables (NUPAP/Urban Agri)",TRUE,IF(ISNUMBER(SEARCH("FMR",D11)),"Farm-to-Market Road",IF(ISNUMBER(SEARCH("RICE",D11)),"Rice",IF(ISNUMBER(SEARCH("CORN",D11)),"Corn",IF(ISNUMBER(SEARCH("HVCDP COFFEE",D11)),"Coffee (HVCDP)",IF(ISNUMBER(SEARCH("HVCDP EXPORT",D11)),"High Value Export Crops (Dragon Fruit/Ube/Okra/Banana)",IF(ISNUMBER(SEARCH("HVCDP",D11)),"High Value Crops (Vegetables/Fruits/Rootcrops)",IF(ISNUMBER(SEARCH("LIVESTOCK",D11)),"Livestock (Cattle/Carabao/Swine/Poultry)",IF(ISNUMBER(SEARCH("SAAD",D11)),"Various Commodities (SAAD)",IF(ISNUMBER(SEARCH("4KS",D11)),"Various Commodities (4Ks)",IF(ISNUMBER(SEARCH("4K",D11)),"Various Commodities (4Ks)",IF(ISNUMBER(SEARCH("HALAL",D11)),"Halal Food Products",IF(ISNUMBER(SEARCH("OAP",D11)),"Organic Agriculture",IF(ISNUMBER(SEARCH("NUPAP",D11)),"Vegetables (NUPAP/Urban Agri)","")))))))))))))) -> Farm-to-Market Road
A12: Region 2 | B12: Batanes | C12: Basco | D12: FMR Construction/Concreting | E12: 32500 | J12: DA-FMRDP | AA12: =_xlfn.IFS(J12="DA-FMRDP","Farm-to-Market Road",J12="DA-RFO2 RICE","Rice",J12="DA-RFO2 Rice Program","Rice",J12="DA-RFO2 CORN","Corn",J12="DA-RFO2 Corn Program","Corn",J12="DA-RFO2 HVCDP","High Value Crops (Vegetables/Fruits/Rootcrops)",J12="DA-RFO2 HVCDP Export","High Value Export Crops (Dragon Fruit/Ube/Okra/Banana)",J12="DA-RFO2 HVCDP Coffee","Coffee (HVCDP)",J12="DA-RFO2 LIVESTOCK","Livestock (Cattle/Carabao/Swine/Poultry)",J12="DA-RFO2 SAAD","Various Commodities (SAAD)",J12="DA-RFO2 4K","Various Commodities (4Ks)",J12="DA-RFO2 4KS","Various Commodities (4Ks)",J12="DA-RFO2 HALAL","Halal Food Products",J12="DA-RFO2 OAP","Organic Agriculture",J12="DA-RFO2 NUPAP","Vegetables (NUPAP/Urban Agri)",TRUE,IF(ISNUMBER(SEARCH("FMR",D12)),"Farm-to-Market Road",IF(ISNUMBER(SEARCH("RICE",D12)),"Rice",IF(ISNUMBER(SEARCH("CORN",D12)),"Corn",IF(ISNUMBER(SEARCH("HVCDP COFFEE",D12)),"Coffee (HVCDP)",IF(ISNUMBER(SEARCH("HVCDP EXPORT",D12)),"High Value Export Crops (Dragon Fruit/Ube/Okra/Banana)",IF(ISNUMBER(SEARCH("HVCDP",D12)),"High Value Crops (Vegetables/Fruits/Rootcrops)",IF(ISNUMBER(SEARCH("LIVESTOCK",D12)),"Livestock (Cattle/Carabao/Swine/Poultry)",IF(ISNUMBER(SEARCH("SAAD",D12)),"Various Commodities (SAAD)",IF(ISNUMBER(SEARCH("4KS",D12)),"Various Commodities (4Ks)",IF(ISNUMBER(SEARCH("4K",D12)),"Various Commodities (4Ks)",IF(ISNUMBER(SEARCH("HALAL",D12)),"Halal Food Products",IF(ISNUMBER(SEARCH("OAP",D12)),"Organic Agriculture",IF(ISNUMBER(SEARCH("NUPAP",D12)),"Vegetables (NUPAP/Urban Agri)","")))))))))))))) -> Farm-to-Market Road
A13: Region 2 | B13: Batanes | C13: Basco | D13: HVC-based Project distributed - SAAD Program | E13: 1555 | J13: DA-RFO2 SAAD | AA13: =_xlfn.IFS(J13="DA-FMRDP","Farm-to-Market Road",J13="DA-RFO2 RICE","Rice",J13="DA-RFO2 Rice Program","Rice",J13="DA-RFO2 CORN","Corn",J13="DA-RFO2 Corn Program","Corn",J13="DA-RFO2 HVCDP","High Value Crops (Vegetables/Fruits/Rootcrops)",J13="DA-RFO2 HVCDP Export","High Value Export Crops (Dragon Fruit/Ube/Okra/Banana)",J13="DA-RFO2 HVCDP Coffee","Coffee (HVCDP)",J13="DA-RFO2 LIVESTOCK","Livestock (Cattle/Carabao/Swine/Poultry)",J13="DA-RFO2 SAAD","Various Commodities (SAAD)",J13="DA-RFO2 4K","Various Commodities (4Ks)",J13="DA-RFO2 4KS","Various Commodities (4Ks)",J13="DA-RFO2 HALAL","Halal Food Products",J13="DA-RFO2 OAP","Organic Agriculture",J13="DA-RFO2 NUPAP","Vegetables (NUPAP/Urban Agri)",TRUE,IF(ISNUMBER(SEARCH("FMR",D13)),"Farm-to-Market Road",IF(ISNUMBER(SEARCH("RICE",D13)),"Rice",IF(ISNUMBER(SEARCH("CORN",D13)),"Corn",IF(ISNUMBER(SEARCH("HVCDP COFFEE",D13)),"Coffee (HVCDP)",IF(ISNUMBER(SEARCH("HVCDP EXPORT",D13)),"High Value Export Crops (Dragon Fruit/Ube/Okra/Banana)",IF(ISNUMBER(SEARCH("HVCDP",D13)),"High Value Crops (Vegetables/Fruits/Rootcrops)",IF(ISNUMBER(SEARCH("LIVESTOCK",D13)),"Livestock (Cattle/Carabao/Swine/Poultry)",IF(ISNUMBER(SEARCH("SAAD",D13)),"Various Commodities (SAAD)",IF(ISNUMBER(SEARCH("4KS",D13)),"Various Commodities (4Ks)",IF(ISNUMBER(SEARCH("4K",D13)),"Various Commodities (4Ks)",IF(ISNUMBER(SEARCH("HALAL",D13)),"Halal Food Products",IF(ISNUMBER(SEARCH("OAP",D13)),"Organic Agriculture",IF(ISNUMBER(SEARCH("NUPAP",D13)),"Vegetables (NUPAP/Urban Agri)","")))))))))))))) -> Various Commodities (SAAD)
A14: Region 2 | B14: Batanes | C14: Basco | D14: Organic Fertizer - HVCDP | E14: 120 | J14: DA-RFO2 HVCDP | AA14: =_xlfn.IFS(J14="DA-FMRDP","Farm-to-Market Road",J14="DA-RFO2 RICE","Rice",J14="DA-RFO2 Rice Program","Rice",J14="DA-RFO2 CORN","Corn",J14="DA-RFO2 Corn Program","Corn",J14="DA-RFO2 HVCDP","High Value Crops (Vegetables/Fruits/Rootcrops)",J14="DA-RFO2 HVCDP Export","High Value Export Crops (Dragon Fruit/Ube/Okra/Banana)",J14="DA-RFO2 HVCDP Coffee","Coffee (HVCDP)",J14="DA-RFO2 LIVESTOCK","Livestock (Cattle/Carabao/Swine/Poultry)",J14="DA-RFO2 SAAD","Various Commodities (SAAD)",J14="DA-RFO2 4K","Various Commodities (4Ks)",J14="DA-RFO2 4KS","Various Commodities (4Ks)",J14="DA-RFO2 HALAL","Halal Food Products",J14="DA-RFO2 OAP","Organic Agriculture",J14="DA-RFO2 NUPAP","Vegetables (NUPAP/Urban Agri)",TRUE,IF(ISNUMBER(SEARCH("FMR",D14)),"Farm-to-Market Road",IF(ISNUMBER(SEARCH("RICE",D14)),"Rice",IF(ISNUMBER(SEARCH("CORN",D14)),"Corn",IF(ISNUMBER(SEARCH("HVCDP COFFEE",D14)),"Coffee (HVCDP)",IF(ISNUMBER(SEARCH("HVCDP EXPORT",D14)),"High Value Export Crops (Dragon Fruit/Ube/Okra/Banana)",IF(ISNUMBER(SEARCH("HVCDP",D14)),"High Value Crops (Vegetables/Fruits/Rootcrops)",IF(ISNUMBER(SEARCH("LIVESTOCK",D14)),"Livestock (Cattle/Carabao/Swine/Poultry)",IF(ISNUMBER(SEARCH("SAAD",D14)),"Various Commodities (SAAD)",IF(ISNUMBER(SEARCH("4KS",D14)),"Various Commodities (4Ks)",IF(ISNUMBER(SEARCH("4K",D14)),"Various Commodities (4Ks)",IF(ISNUMBER(SEARCH("HALAL",D14)),"Halal Food Products",IF(ISNUMBER(SEARCH("OAP",D14)),"Organic Agriculture",IF(ISNUMBER(SEARCH("NUPAP",D14)),"Vegetables (NUPAP/Urban Agri)","")))))))))))))) -> High Value Crops (Vegetables/Fruits/Rootcrops)
A15: Region 2 | B15: Batanes | C15: Basco | D15: Seeds - HVCDP | E15: 7000 | J15: DA-RFO2 HVCDP | AA15: =_xlfn.IFS(J15="DA-FMRDP","Farm-to-Market Road",J15="DA-RFO2 RICE","Rice",J15="DA-RFO2 Rice Program","Rice",J15="DA-RFO2 CORN","Corn",J15="DA-RFO2 Corn Program","Corn",J15="DA-RFO2 HVCDP","High Value Crops (Vegetables/Fruits/Rootcrops)",J15="DA-RFO2 HVCDP Export","High Value Export Crops (Dragon Fruit/Ube/Okra/Banana)",J15="DA-RFO2 HVCDP Coffee","Coffee (HVCDP)",J15="DA-RFO2 LIVESTOCK","Livestock (Cattle/Carabao/Swine/Poultry)",J15="DA-RFO2 SAAD","Various Commodities (SAAD)",J15="DA-RFO2 4K","Various Commodities (4Ks)",J15="DA-RFO2 4KS","Various Commodities (4Ks)",J15="DA-RFO2 HALAL","Halal Food Products",J15="DA-RFO2 OAP","Organic Agriculture",J15="DA-RFO2 NUPAP","Vegetables (NUPAP/Urban Agri)",TRUE,IF(ISNUMBER(SEARCH("FMR",D15)),"Farm-to-Market Road",IF(ISNUMBER(SEARCH("RICE",D15)),"Rice",IF(ISNUMBER(SEARCH("CORN",D15)),"Corn",IF(ISNUMBER(SEARCH("HVCDP COFFEE",D15)),"Coffee (HVCDP)",IF(ISNUMBER(SEARCH("HVCDP EXPORT",D15)),"High Value Export Crops (Dragon Fruit/Ube/Okra/Banana)",IF(ISNUMBER(SEARCH("HVCDP",D15)),"High Value Crops (Vegetables/Fruits/Rootcrops)",IF(ISNUMBER(SEARCH("LIVESTOCK",D15)),"Livestock (Cattle/Carabao/Swine/Poultry)",IF(ISNUMBER(SEARCH("SAAD",D15)),"Various Commodities (SAAD)",IF(ISNUMBER(SEARCH("4KS",D15)),"Various Commodities (4Ks)",IF(ISNUMBER(SEARCH("4K",D15)),"Various Commodities (4Ks)",IF(ISNUMBER(SEARCH("HALAL",D15)),"Halal Food Products",IF(ISNUMBER(SEARCH("OAP",D15)),"Organic Agriculture",IF(ISNUMBER(SEARCH("NUPAP",D15)),"Vegetables (NUPAP/Urban Agri)","")))))))))))))) -> High Value Crops (Vegetables/Fruits/Rootcrops)
A16: Region 2 | B16: Batanes | C16: Itbayat | D16: Buying, Consolidation, and Packaging Centers | J16: DA-RFO2 | AA16: =_xlfn.IFS(J16="DA-FMRDP","Farm-to-Market Road",J16="DA-RFO2 RICE","Rice",J16="DA-RFO2 Rice Program","Rice",J16="DA-RFO2 CORN","Corn",J16="DA-RFO2 Corn Program","Corn",J16="DA-RFO2 HVCDP","High Value Crops (Vegetables/Fruits/Rootcrops)",J16="DA-RFO2 HVCDP Export","High Value Export Crops (Dragon Fruit/Ube/Okra/Banana)",J16="DA-RFO2 HVCDP Coffee","Coffee (HVCDP)",J16="DA-RFO2 LIVESTOCK","Livestock (Cattle/Carabao/Swine/Poultry)",J16="DA-RFO2 SAAD","Various Commodities (SAAD)",J16="DA-RFO2 4K","Various Commodities (4Ks)",J16="DA-RFO2 4KS","Various Commodities (4Ks)",J16="DA-RFO2 HALAL","Halal Food Products",J16="DA-RFO2 OAP","Organic Agriculture",J16="DA-RFO2 NUPAP","Vegetables (NUPAP/Urban Agri)",TRUE,IF(ISNUMBER(SEARCH("FMR",D16)),"Farm-to-Market Road",IF(ISNUMBER(SEARCH("RICE",D16)),"Rice",IF(ISNUMBER(SEARCH("CORN",D16)),"Corn",IF(ISNUMBER(SEARCH("HVCDP COFFEE",D16)),"Coffee (HVCDP)",IF(ISNUMBER(SEARCH("HVCDP EXPORT",D16)),"High Value Export Crops (Dragon Fruit/Ube/Okra/Banana)",IF(ISNUMBER(SEARCH("HVCDP",D16)),"High Value Crops (Vegetables/Fruits/Rootcrops)",IF(ISNUMBER(SEARCH("LIVESTOCK",D16)),"Livestock (Cattle/Carabao/Swine/Poultry)",IF(ISNUMBER(SEARCH("SAAD",D16)),"Various Commodities (SAAD)",IF(ISNUMBER(SEARCH("4KS",D16)),"Various Commodities (4Ks)",IF(ISNUMBER(SEARCH("4K",D16)),"Various Commodities (4Ks)",IF(ISNUMBER(SEARCH("HALAL",D16)),"Halal Food Products",IF(ISNUMBER(SEARCH("OAP",D16)),"Organic Agriculture",IF(ISNUMBER(SEARCH("NUPAP",D16)),"Vegetables (NUPAP/Urban Agri)",""))))))))))))))
A17: Region 2 | B17: Batanes | C17: Itbayat | D17: Construction of Aran-an-Kaysaysakan, Raele FMR, Brgy. Raele, Itbayat, Batanes | F17: 23400 | J17: DA-FMRDP | AA17: =_xlfn.IFS(J17="DA-FMRDP","Farm-to-Market Road",J17="DA-RFO2 RICE","Rice",J17="DA-RFO2 Rice Program","Rice",J17="DA-RFO2 CORN","Corn",J17="DA-RFO2 Corn Program","Corn",J17="DA-RFO2 HVCDP","High Value Crops (Vegetables/Fruits/Rootcrops)",J17="DA-RFO2 HVCDP Export","High Value Export Crops (Dragon Fruit/Ube/Okra/Banana)",J17="DA-RFO2 HVCDP Coffee","Coffee (HVCDP)",J17="DA-RFO2 LIVESTOCK","Livestock (Cattle/Carabao/Swine/Poultry)",J17="DA-RFO2 SAAD","Various Commodities (SAAD)",J17="DA-RFO2 4K","Various Commodities (4Ks)",J17="DA-RFO2 4KS","Various Commodities (4Ks)",J17="DA-RFO2 HALAL","Halal Food Products",J17="DA-RFO2 OAP","Organic Agriculture",J17="DA-RFO2 NUPAP","Vegetables (NUPAP/Urban Agri)",TRUE,IF(ISNUMBER(SEARCH("FMR",D17)),"Farm-to-Market Road",IF(ISNUMBER(SEARCH("RICE",D17)),"Rice",IF(ISNUMBER(SEARCH("CORN",D17)),"Corn",IF(ISNUMBER(SEARCH("HVCDP COFFEE",D17)),"Coffee (HVCDP)",IF(ISNUMBER(SEARCH("HVCDP EXPORT",D17)),"High Value Export Crops (Dragon Fruit/Ube/Okra/Banana)",IF(ISNUMBER(SEARCH("HVCDP",D17)),"High Value Crops (Vegetables/Fruits/Rootcrops)",IF(ISNUMBER(SEARCH("LIVESTOCK",D17)),"Livestock (Cattle/Carabao/Swine/Poultry)",IF(ISNUMBER(SEARCH("SAAD",D17)),"Various Commodities (SAAD)",IF(ISNUMBER(SEARCH("4KS",D17)),"Various Commodities (4Ks)",IF(ISNUMBER(SEARCH("4K",D17)),"Various Commodities (4Ks)",IF(ISNUMBER(SEARCH("HALAL",D17)),"Halal Food Products",IF(ISNUMBER(SEARCH("OAP",D17)),"Organic Agriculture",IF(ISNUMBER(SEARCH("NUPAP",D17)),"Vegetables (NUPAP/Urban Agri)","")))))))))))))) -> Farm-to-Market Road
A18: Region 2 | B18: Batanes | C18: Itbayat | D18: Construction of Camaya-Ripused, Sta. Lucia FMR, Brgy. Sta. Lucia, Itbayat, Batanes | F18: 25700 | J18: DA-FMRDP | AA18: =_xlfn.IFS(J18="DA-FMRDP","Farm-to-Market Road",J18="DA-RFO2 RICE","Rice",J18="DA-RFO2 Rice Program","Rice",J18="DA-RFO2 CORN","Corn",J18="DA-RFO2 Corn Program","Corn",J18="DA-RFO2 HVCDP","High Value Crops (Vegetables/Fruits/Rootcrops)",J18="DA-RFO2 HVCDP Export","High Value Export Crops (Dragon Fruit/Ube/Okra/Banana)",J18="DA-RFO2 HVCDP Coffee","Coffee (HVCDP)",J18="DA-RFO2 LIVESTOCK","Livestock (Cattle/Carabao/Swine/Poultry)",J18="DA-RFO2 SAAD","Various Commodities (SAAD)",J18="DA-RFO2 4K","Various Commodities (4Ks)",J18="DA-RFO2 4KS","Various Commodities (4Ks)",J18="DA-RFO2 HALAL","Halal Food Products",J18="DA-RFO2 OAP","Organic Agriculture",J18="DA-RFO2 NUPAP","Vegetables (NUPAP/Urban Agri)",TRUE,IF(ISNUMBER(SEARCH("FMR",D18)),"Farm-to-Market Road",IF(ISNUMBER(SEARCH("RICE",D18)),"Rice",IF(ISNUMBER(SEARCH("CORN",D18)),"Corn",IF(ISNUMBER(SEARCH("HVCDP COFFEE",D18)),"Coffee (HVCDP)",IF(ISNUMBER(SEARCH("HVCDP EXPORT",D18)),"High Value Export Crops (Dragon Fruit/Ube/Okra/Banana)",IF(ISNUMBER(SEARCH("HVCDP",D18)),"High Value Crops (Vegetables/Fruits/Rootcrops)",IF(ISNUMBER(SEARCH("LIVESTOCK",D18)),"Livestock (Cattle/Carabao/Swine/Poultry)",IF(ISNUMBER(SEARCH("SAAD",D18)),"Various Commodities (SAAD)",IF(ISNUMBER(SEARCH("4KS",D18)),"Various Commodities (4Ks)",IF(ISNUMBER(SEARCH("4K",D18)),"Various Commodities (4Ks)",IF(ISNUMBER(SEARCH("HALAL",D18)),"Halal Food Products",IF(ISNUMBER(SEARCH("OAP",D18)),"Organic Agriculture",IF(ISNUMBER(SEARCH("NUPAP",D18)),"Vegetables (NUPAP/Urban Agri)","")))))))))))))) -> Farm-to-Market Road
A19: Region 2 | B19: Batanes | C19: Itbayat | D19: FMR Construction/Concreting | E19: 35000 | J19: DA-FMRDP | AA19: =_xlfn.IFS(J19="DA-FMRDP","Farm-to-Market Road",J19="DA-RFO2 RICE","Rice",J19="DA-RFO2 Rice Program","Rice",J19="DA-RFO2 CORN","Corn",J19="DA-RFO2 Corn Program","Corn",J19="DA-RFO2 HVCDP","High Value Crops (Vegetables/Fruits/Rootcrops)",J19="DA-RFO2 HVCDP Export","High Value Export Crops (Dragon Fruit/Ube/Okra/Banana)",J19="DA-RFO2 HVCDP Coffee","Coffee (HVCDP)",J19="DA-RFO2 LIVESTOCK","Livestock (Cattle/Carabao/Swine/Poultry)",J19="DA-RFO2 SAAD","Various Commodities (SAAD)",J19="DA-RFO2 4K","Various Commodities (4Ks)",J19="DA-RFO2 4KS","Various Commodities (4Ks)",J19="DA-RFO2 HALAL","Halal Food Products",J19="DA-RFO2 OAP","Organic Agriculture",J19="DA-RFO2 NUPAP","Vegetables (NUPAP/Urban Agri)",TRUE,IF(ISNUMBER(SEARCH("FMR",D19)),"Farm-to-Market Road",IF(ISNUMBER(SEARCH("RICE",D19)),"Rice",IF(ISNUMBER(SEARCH("CORN",D19)),"Corn",IF(ISNUMBER(SEARCH("HVCDP COFFEE",D19)),"Coffee (HVCDP)",IF(ISNUMBER(SEARCH("HVCDP EXPORT",D19)),"High Value Export Crops (Dragon Fruit/Ube/Okra/Banana)",IF(ISNUMBER(SEARCH("HVCDP",D19)),"High Value Crops (Vegetables/Fruits/Rootcrops)",IF(ISNUMBER(SEARCH("LIVESTOCK",D19)),"Livestock (Cattle/Carabao/Swine/Poultry)",IF(ISNUMBER(SEARCH("SAAD",D19)),"Various Commodities (SAAD)",IF(ISNUMBER(SEARCH("4KS",D19)),"Various Commodities (4Ks)",IF(ISNUMBER(SEARCH("4K",D19)),"Various Commodities (4Ks)",IF(ISNUMBER(SEARCH("HALAL",D19)),"Halal Food Products",IF(ISNUMBER(SEARCH("OAP",D19)),"Organic Agriculture",IF(ISNUMBER(SEARCH("NUPAP",D19)),"Vegetables (NUPAP/Urban Agri)","")))))))))))))) -> Farm-to-Market Road
A20: Region 2 | B20: Batanes | C20: Itbayat | D20: HVC-based Project distributed - SAAD Program | E20: 1555 | J20: DA-RFO2 SAAD | AA20: =_xlfn.IFS(J20="DA-FMRDP","Farm-to-Market Road",J20="DA-RFO2 RICE","Rice",J20="DA-RFO2 Rice Program","Rice",J20="DA-RFO2 CORN","Corn",J20="DA-RFO2 Corn Program","Corn",J20="DA-RFO2 HVCDP","High Value Crops (Vegetables/Fruits/Rootcrops)",J20="DA-RFO2 HVCDP Export","High Value Export Crops (Dragon Fruit/Ube/Okra/Banana)",J20="DA-RFO2 HVCDP Coffee","Coffee (HVCDP)",J20="DA-RFO2 LIVESTOCK","Livestock (Cattle/Carabao/Swine/Poultry)",J20="DA-RFO2 SAAD","Various Commodities (SAAD)",J20="DA-RFO2 4K","Various Commodities (4Ks)",J20="DA-RFO2 4KS","Various Commodities (4Ks)",J20="DA-RFO2 HALAL","Halal Food Products",J20="DA-RFO2 OAP","Organic Agriculture",J20="DA-RFO2 NUPAP","Vegetables (NUPAP/Urban Agri)",TRUE,IF(ISNUMBER(SEARCH("FMR",D20)),"Farm-to-Market Road",IF(ISNUMBER(SEARCH("RICE",D20)),"Rice",IF(ISNUMBER(SEARCH("CORN",D20)),"Corn",IF(ISNUMBER(SEARCH("HVCDP COFFEE",D20)),"Coffee (HVCDP)",IF(ISNUMBER(SEARCH("HVCDP EXPORT",D20)),"High Value Export Crops (Dragon Fruit/Ube/Okra/Banana)",IF(ISNUMBER(SEARCH("HVCDP",D20)),"High Value Crops (Vegetables/Fruits/Rootcrops)",IF(ISNUMBER(SEARCH("LIVESTOCK",D20)),"Livestock (Cattle/Carabao/Swine/Poultry)",IF(ISNUMBER(SEARCH("SAAD",D20)),"Various Commodities (SAAD)",IF(ISNUMBER(SEARCH("4KS",D20)),"Various Commodities (4Ks)",IF(ISNUMBER(SEARCH("4K",D20)),"Various Commodities (4Ks)",IF(ISNUMBER(SEARCH("HALAL",D20)),"Halal Food Products",IF(ISNUMBER(SEARCH("OAP",D20)),"Organic Agriculture",IF(ISNUMBER(SEARCH("NUPAP",D20)),"Vegetables (NUPAP/Urban Agri)","")))))))))))))) -> Various Commodities (SAAD)
A21: Region 2 | B21: Batanes | C21: Itbayat | D21: Organic Fertizer - HVCDP | E21: 120 | J21: DA-RFO2 HVCDP | AA21: =_xlfn.IFS(J21="DA-FMRDP","Farm-to-Market Road",J21="DA-RFO2 RICE","Rice",J21="DA-RFO2 Rice Program","Rice",J21="DA-RFO2 CORN","Corn",J21="DA-RFO2 Corn Program","Corn",J21="DA-RFO2 HVCDP","High Value Crops (Vegetables/Fruits/Rootcrops)",J21="DA-RFO2 HVCDP Export","High Value Export Crops (Dragon Fruit/Ube/Okra/Banana)",J21="DA-RFO2 HVCDP Coffee","Coffee (HVCDP)",J21="DA-RFO2 LIVESTOCK","Livestock (Cattle/Carabao/Swine/Poultry)",J21="DA-RFO2 SAAD","Various Commodities (SAAD)",J21="DA-RFO2 4K","Various Commodities (4Ks)",J21="DA-RFO2 4KS","Various Commodities (4Ks)",J21="DA-RFO2 HALAL","Halal Food Products",J21="DA-RFO2 OAP","Organic Agriculture",J21="DA-RFO2 NUPAP","Vegetables (NUPAP/Urban Agri)",TRUE,IF(ISNUMBER(SEARCH("FMR",D21)),"Farm-to-Market Road",IF(ISNUMBER(SEARCH("RICE",D21)),"Rice",IF(ISNUMBER(SEARCH("CORN",D21)),"Corn",IF(ISNUMBER(SEARCH("HVCDP COFFEE",D21)),"Coffee (HVCDP)",IF(ISNUMBER(SEARCH("HVCDP EXPORT",D21)),"High Value Export Crops (Dragon Fruit/Ube/Okra/Banana)",IF(ISNUMBER(SEARCH("HVCDP",D21)),"High Value Crops (Vegetables/Fruits/Rootcrops)",IF(ISNUMBER(SEARCH("LIVESTOCK",D21)),"Livestock (Cattle/Carabao/Swine/Poultry)",IF(ISNUMBER(SEARCH("SAAD",D21)),"Various Commodities (SAAD)",IF(ISNUMBER(SEARCH("4KS",D21)),"Various Commodities (4Ks)",IF(ISNUMBER(SEARCH("4K",D21)),"Various Commodities (4Ks)",IF(ISNUMBER(SEARCH("HALAL",D21)),"Halal Food Products",IF(ISNUMBER(SEARCH("OAP",D21)),"Organic Agriculture",IF(ISNUMBER(SEARCH("NUPAP",D21)),"Vegetables (NUPAP/Urban Agri)","")))))))))))))) -> High Value Crops (Vegetables/Fruits/Rootcrops)
A22: Region 2 | B22: Batanes | C22: Itbayat | D22: Potable Water Supply Systems | J22: DA-RFO2 | AA22: =_xlfn.IFS(J22="DA-FMRDP","Farm-to-Market Road",J22="DA-RFO2 RICE","Rice",J22="DA-RFO2 Rice Program","Rice",J22="DA-RFO2 CORN","Corn",J22="DA-RFO2 Corn Program","Corn",J22="DA-RFO2 HVCDP","High Value Crops (Vegetables/Fruits/Rootcrops)",J22="DA-RFO2 HVCDP Export","High Value Export Crops (Dragon Fruit/Ube/Okra/Banana)",J22="DA-RFO2 HVCDP Coffee","Coffee (HVCDP)",J22="DA-RFO2 LIVESTOCK","Livestock (Cattle/Carabao/Swine/Poultry)",J22="DA-RFO2 SAAD","Various Commodities (SAAD)",J22="DA-RFO2 4K","Various Commodities (4Ks)",J22="DA-RFO2 4KS","Various Commodities (4Ks)",J22="DA-RFO2 HALAL","Halal Food Products",J22="DA-RFO2 OAP","Organic Agriculture",J22="DA-RFO2 NUPAP","Vegetables (NUPAP/Urban Agri)",TRUE,IF(ISNUMBER(SEARCH("FMR",D22)),"Farm-to-Market Road",IF(ISNUMBER(SEARCH("RICE",D22)),"Rice",IF(ISNUMBER(SEARCH("CORN",D22)),"Corn",IF(ISNUMBER(SEARCH("HVCDP COFFEE",D22)),"Coffee (HVCDP)",IF(ISNUMBER(SEARCH("HVCDP EXPORT",D22)),"High Value Export Crops (Dragon Fruit/Ube/Okra/Banana)",IF(ISNUMBER(SEARCH("HVCDP",D22)),"High Value Crops (Vegetables/Fruits/Rootcrops)",IF(ISNUMBER(SEARCH("LIVESTOCK",D22)),"Livestock (Cattle/Carabao/Swine/Poultry)",IF(ISNUMBER(SEARCH("SAAD",D22)),"Various Commodities (SAAD)",IF(ISNUMBER(SEARCH("4KS",D22)),"Various Commodities (4Ks)",IF(ISNUMBER(SEARCH("4K",D22)),"Various Commodities (4Ks)",IF(ISNUMBER(SEARCH("HALAL",D22)),"Halal Food Products",IF(ISNUMBER(SEARCH("OAP",D22)),"Organic Agriculture",IF(ISNUMBER(SEARCH("NUPAP",D22)),"Vegetables (NUPAP/Urban Agri)",""))))))))))))))
A23: Region 2 | B23: Batanes | C23: Itbayat | D23: Rice Processing Centers | J23: DA-RFO2 | AA23: =_xlfn.IFS(J23="DA-FMRDP","Farm-to-Market Road",J23="DA-RFO2 RICE","Rice",J23="DA-RFO2 Rice Program","Rice",J23="DA-RFO2 CORN","Corn",J23="DA-RFO2 Corn Program","Corn",J23="DA-RFO2 HVCDP","High Value Crops (Vegetables/Fruits/Rootcrops)",J23="DA-RFO2 HVCDP Export","High Value Export Crops (Dragon Fruit/Ube/Okra/Banana)",J23="DA-RFO2 HVCDP Coffee","Coffee (HVCDP)",J23="DA-RFO2 LIVESTOCK","Livestock (Cattle/Carabao/Swine/Poultry)",J23="DA-RFO2 SAAD","Various Commodities (SAAD)",J23="DA-RFO2 4K","Various Commodities (4Ks)",J23="DA-RFO2 4KS","Various Commodities (4Ks)",J23="DA-RFO2 HALAL","Halal Food Products",J23="DA-RFO2 OAP","Organic Agriculture",J23="DA-RFO2 NUPAP","Vegetables (NUPAP/Urban Agri)",TRUE,IF(ISNUMBER(SEARCH("FMR",D23)),"Farm-to-Market Road",IF(ISNUMBER(SEARCH("RICE",D23)),"Rice",IF(ISNUMBER(SEARCH("CORN",D23)),"Corn",IF(ISNUMBER(SEARCH("HVCDP COFFEE",D23)),"Coffee (HVCDP)",IF(ISNUMBER(SEARCH("HVCDP EXPORT",D23)),"High Value Export Crops (Dragon Fruit/Ube/Okra/Banana)",IF(ISNUMBER(SEARCH("HVCDP",D23)),"High Value Crops (Vegetables/Fruits/Rootcrops)",IF(ISNUMBER(SEARCH("LIVESTOCK",D23)),"Livestock (Cattle/Carabao/Swine/Poultry)",IF(ISNUMBER(SEARCH("SAAD",D23)),"Various Commodities (SAAD)",IF(ISNUMBER(SEARCH("4KS",D23)),"Various Commodities (4Ks)",IF(ISNUMBER(SEARCH("4K",D23)),"Various Commodities (4Ks)",IF(ISNUMBER(SEARCH("HALAL",D23)),"Halal Food Products",IF(ISNUMBER(SEARCH("OAP",D23)),"Organic Agriculture",IF(ISNUMBER(SEARCH("NUPAP",D23)),"Vegetables (NUPAP/Urban Agri)","")))))))))))))) -> Rice
A24: Region 2 | B24: Batanes | C24: Itbayat | D24: Seeds - HVCDP | E24: 7000 | J24: DA-RFO2 HVCDP | AA24: =_xlfn.IFS(J24="DA-FMRDP","Farm-to-Market Road",J24="DA-RFO2 RICE","Rice",J24="DA-RFO2 Rice Program","Rice",J24="DA-RFO2 CORN","Corn",J24="DA-RFO2 Corn Program","Corn",J24="DA-RFO2 HVCDP","High Value Crops (Vegetables/Fruits/Rootcrops)",J24="DA-RFO2 HVCDP Export","High Value Export Crops (Dragon Fruit/Ube/Okra/Banana)",J24="DA-RFO2 HVCDP Coffee","Coffee (HVCDP)",J24="DA-RFO2 LIVESTOCK","Livestock (Cattle/Carabao/Swine/Poultry)",J24="DA-RFO2 SAAD","Various Commodities (SAAD)",J24="DA-RFO2 4K","Various Commodities (4Ks)",J24="DA-RFO2 4KS","Various Commodities (4Ks)",J24="DA-RFO2 HALAL","Halal Food Products",J24="DA-RFO2 OAP","Organic Agriculture",J24="DA-RFO2 NUPAP","Vegetables (NUPAP/Urban Agri)",TRUE,IF(ISNUMBER(SEARCH("FMR",D24)),"Farm-to-Market Road",IF(ISNUMBER(SEARCH("RICE",D24)),"Rice",IF(ISNUMBER(SEARCH("CORN",D24)),"Corn",IF(ISNUMBER(SEARCH("HVCDP COFFEE",D24)),"Coffee (HVCDP)",IF(ISNUMBER(SEARCH("HVCDP EXPORT",D24)),"High Value Export Crops (Dragon Fruit/Ube/Okra/Banana)",IF(ISNUMBER(SEARCH("HVCDP",D24)),"High Value Crops (Vegetables/Fruits/Rootcrops)",IF(ISNUMBER(SEARCH("LIVESTOCK",D24)),"Livestock (Cattle/Carabao/Swine/Poultry)",IF(ISNUMBER(SEARCH("SAAD",D24)),"Various Commodities (SAAD)",IF(ISNUMBER(SEARCH("4KS",D24)),"Various Commodities (4Ks)",IF(ISNUMBER(SEARCH("4K",D24)),"Various Commodities (4Ks)",IF(ISNUMBER(SEARCH("HALAL",D24)),"Halal Food Products",IF(ISNUMBER(SEARCH("OAP",D24)),"Organic Agriculture",IF(ISNUMBER(SEARCH("NUPAP",D24)),"Vegetables (NUPAP/Urban Agri)","")))))))))))))) -> High Value Crops (Vegetables/Fruits/Rootcrops)
A25: Region 2 | B25: Batanes | C25: Ivana | D25: Construction of Nakurang-Tukon-Chatujian, Brgy Radiwan FMR Phase IV, Brgy. Radiwan, Ivana, Batanes | F25: 48000 | J25: DA-FMRDP | AA25: =_xlfn.IFS(J25="DA-FMRDP","Farm-to-Market Road",J25="DA-RFO2 RICE","Rice",J25="DA-RFO2 Rice Program","Rice",J25="DA-RFO2 CORN","Corn",J25="DA-RFO2 Corn Program","Corn",J25="DA-RFO2 HVCDP","High Value Crops (Vegetables/Fruits/Rootcrops)",J25="DA-RFO2 HVCDP Export","High Value Export Crops (Dragon Fruit/Ube/Okra/Banana)",J25="DA-RFO2 HVCDP Coffee","Coffee (HVCDP)",J25="DA-RFO2 LIVESTOCK","Livestock (Cattle/Carabao/Swine/Poultry)",J25="DA-RFO2 SAAD","Various Commodities (SAAD)",J25="DA-RFO2 4K","Various Commodities (4Ks)",J25="DA-RFO2 4KS","Various Commodities (4Ks)",J25="DA-RFO2 HALAL","Halal Food Products",J25="DA-RFO2 OAP","Organic Agriculture",J25="DA-RFO2 NUPAP","Vegetables (NUPAP/Urban Agri)",TRUE,IF(ISNUMBER(SEARCH("FMR",D25)),"Farm-to-Market Road",IF(ISNUMBER(SEARCH("RICE",D25)),"Rice",IF(ISNUMBER(SEARCH("CORN",D25)),"Corn",IF(ISNUMBER(SEARCH("HVCDP COFFEE",D25)),"Coffee (HVCDP)",IF(ISNUMBER(SEARCH("HVCDP EXPORT",D25)),"High Value Export Crops (Dragon Fruit/Ube/Okra/Banana)",IF(ISNUMBER(SEARCH("HVCDP",D25)),"High Value Crops (Vegetables/Fruits/Rootcrops)",IF(ISNUMBER(SEARCH("LIVESTOCK",D25)),"Livestock (Cattle/Carabao/Swine/Poultry)",IF(ISNUMBER(SEARCH("SAAD",D25)),"Various Commodities (SAAD)",IF(ISNUMBER(SEARCH("4KS",D25)),"Various Commodities (4Ks)",IF(ISNUMBER(SEARCH("4K",D25)),"Various Commodities (4Ks)",IF(ISNUMBER(SEARCH("HALAL",D25)),"Halal Food Products",IF(ISNUMBER(SEARCH("OAP",D25)),"Organic Agriculture",IF(ISNUMBER(SEARCH("NUPAP",D25)),"Vegetables (NUPAP/Urban Agri)","")))))))))))))) -> Farm-to-Market Road
A26: Region 2 | B26: Batanes | C26: Ivana | D26: Construction of Sivukot-Aramain, Brgy Tuhel FMR, Brgy. Tubel, Ivana, Batanes | F26: 39120 | J26: DA-FMRDP | AA26: =_xlfn.IFS(J26="DA-FMRDP","Farm-to-Market Road",J26="DA-RFO2 RICE","Rice",J26="DA-RFO2 Rice Program","Rice",J26="DA-RFO2 CORN","Corn",J26="DA-RFO2 Corn Program","Corn",J26="DA-RFO2 HVCDP","High Value Crops (Vegetables/Fruits/Rootcrops)",J26="DA-RFO2 HVCDP Export","High Value Export Crops (Dragon Fruit/Ube/Okra/Banana)",J26="DA-RFO2 HVCDP Coffee","Coffee (HVCDP)",J26="DA-RFO2 LIVESTOCK","Livestock (Cattle/Carabao/Swine/Poultry)",J26="DA-RFO2 SAAD","Various Commodities (SAAD)",J26="DA-RFO2 4K","Various Commodities (4Ks)",J26="DA-RFO2 4KS","Various Commodities (4Ks)",J26="DA-RFO2 HALAL","Halal Food Products",J26="DA-RFO2 OAP","Organic Agriculture",J26="DA-RFO2 NUPAP","Vegetables (NUPAP/Urban Agri)",TRUE,IF(ISNUMBER(SEARCH("FMR",D26)),"Farm-to-Market Road",IF(ISNUMBER(SEARCH("RICE",D26)),"Rice",IF(ISNUMBER(SEARCH("CORN",D26)),"Corn",IF(ISNUMBER(SEARCH("HVCDP COFFEE",D26)),"Coffee (HVCDP)",IF(ISNUMBER(SEARCH("HVCDP EXPORT",D26)),"High Value Export Crops (Dragon Fruit/Ube/Okra/Banana)",IF(ISNUMBER(SEARCH("HVCDP",D26)),"High Value Crops (Vegetables/Fruits/Rootcrops)",IF(ISNUMBER(SEARCH("LIVESTOCK",D26)),"Livestock (Cattle/Carabao/Swine/Poultry)",IF(ISNUMBER(SEARCH("SAAD",D26)),"Various Commodities (SAAD)",IF(ISNUMBER(SEARCH("4KS",D26)),"Various Commodities (4Ks)",IF(ISNUMBER(SEARCH("4K",D26)),"Various Commodities (4Ks)",IF(ISNUMBER(SEARCH("HALAL",D26)),"Halal Food Products",IF(ISNUMBER(SEARCH("OAP",D26)),"Organic Agriculture",IF(ISNUMBER(SEARCH("NUPAP",D26)),"Vegetables (NUPAP/Urban Agri)","")))))))))))))) -> Farm-to-Market Road
A27: Region 2 | B27: Batanes | C27: Ivana | D27: FMR Construction/Concreting | E27: 12500 | J27: DA-FMRDP | AA27: =_xlfn.IFS(J27="DA-FMRDP","Farm-to-Market Road",J27="DA-RFO2 RICE","Rice",J27="DA-RFO2 Rice Program","Rice",J27="DA-RFO2 CORN","Corn",J27="DA-RFO2 Corn Program","Corn",J27="DA-RFO2 HVCDP","High Value Crops (Vegetables/Fruits/Rootcrops)",J27="DA-RFO2 HVCDP Export","High Value Export Crops (Dragon Fruit/Ube/Okra/Banana)",J27="DA-RFO2 HVCDP Coffee","Coffee (HVCDP)",J27="DA-RFO2 LIVESTOCK","Livestock (Cattle/Carabao/Swine/Poultry)",J27="DA-RFO2 SAAD","Various Commodities (SAAD)",J27="DA-RFO2 4K","Various Commodities (4Ks)",J27="DA-RFO2 4KS","Various Commodities (4Ks)",J27="DA-RFO2 HALAL","Halal Food Products",J27="DA-RFO2 OAP","Organic Agriculture",J27="DA-RFO2 NUPAP","Vegetables (NUPAP/Urban Agri)",TRUE,IF(ISNUMBER(SEARCH("FMR",D27)),"Farm-to-Market Road",IF(ISNUMBER(SEARCH("RICE",D27)),"Rice",IF(ISNUMBER(SEARCH("CORN",D27)),"Corn",IF(ISNUMBER(SEARCH("HVCDP COFFEE",D27)),"Coffee (HVCDP)",IF(ISNUMBER(SEARCH("HVCDP EXPORT",D27)),"High Value Export Crops (Dragon Fruit/Ube/Okra/Banana)",IF(ISNUMBER(SEARCH("HVCDP",D27)),"High Value Crops (Vegetables/Fruits/Rootcrops)",IF(ISNUMBER(SEARCH("LIVESTOCK",D27)),"Livestock (Cattle/Carabao/Swine/Poultry)",IF(ISNUMBER(SEARCH("SAAD",D27)),"Various Commodities (SAAD)",IF(ISNUMBER(SEARCH("4KS",D27)),"Various Commodities (4Ks)",IF(ISNUMBER(SEARCH("4K",D27)),"Various Commodities (4Ks)",IF(ISNUMBER(SEARCH("HALAL",D27)),"Halal Food Products",IF(ISNUMBER(SEARCH("OAP",D27)),"Organic Agriculture",IF(ISNUMBER(SEARCH("NUPAP",D27)),"Vegetables (NUPAP/Urban Agri)","")))))))))))))) -> Farm-to-Market Road
A28: Region 2 | B28: Batanes | C28: Ivana | D28: HVC-based Project distributed - SAAD Program | E28: 1555 | J28: DA-RFO2 SAAD | AA28: =_xlfn.IFS(J28="DA-FMRDP","Farm-to-Market Road",J28="DA-RFO2 RICE","Rice",J28="DA-RFO2 Rice Program","Rice",J28="DA-RFO2 CORN","Corn",J28="DA-RFO2 Corn Program","Corn",J28="DA-RFO2 HVCDP","High Value Crops (Vegetables/Fruits/Rootcrops)",J28="DA-RFO2 HVCDP Export","High Value Export Crops (Dragon Fruit/Ube/Okra/Banana)",J28="DA-RFO2 HVCDP Coffee","Coffee (HVCDP)",J28="DA-RFO2 LIVESTOCK","Livestock (Cattle/Carabao/Swine/Poultry)",J28="DA-RFO2 SAAD","Various Commodities (SAAD)",J28="DA-RFO2 4K","Various Commodities (4Ks)",J28="DA-RFO2 4KS","Various Commodities (4Ks)",J28="DA-RFO2 HALAL","Halal Food Products",J28="DA-RFO2 OAP","Organic Agriculture",J28="DA-RFO2 NUPAP","Vegetables (NUPAP/Urban Agri)",TRUE,IF(ISNUMBER(SEARCH("FMR",D28)),"Farm-to-Market Road",IF(ISNUMBER(SEARCH("RICE",D28)),"Rice",IF(ISNUMBER(SEARCH("CORN",D28)),"Corn",IF(ISNUMBER(SEARCH("HVCDP COFFEE",D28)),"Coffee (HVCDP)",IF(ISNUMBER(SEARCH("HVCDP EXPORT",D28)),"High Value Export Crops (Dragon Fruit/Ube/Okra/Banana)",IF(ISNUMBER(SEARCH("HVCDP",D28)),"High Value Crops (Vegetables/Fruits/Rootcrops)",IF(ISNUMBER(SEARCH("LIVESTOCK",D28)),"Livestock (Cattle/Carabao/Swine/Poultry)",IF(ISNUMBER(SEARCH("SAAD",D28)),"Various Commodities (SAAD)",IF(ISNUMBER(SEARCH("4KS",D28)),"Various Commodities (4Ks)",IF(ISNUMBER(SEARCH("4K",D28)),"Various Commodities (4Ks)",IF(ISNUMBER(SEARCH("HALAL",D28)),"Halal Food Products",IF(ISNUMBER(SEARCH("OAP",D28)),"Organic Agriculture",IF(ISNUMBER(SEARCH("NUPAP",D28)),"Vegetables (NUPAP/Urban Agri)","")))))))))))))) -> Various Commodities (SAAD)
A29: Region 2 | B29: Batanes | C29: Ivana | D29: Irrigation Systems | J29: DA-RFO2 | AA29: =_xlfn.IFS(J29="DA-FMRDP","Farm-to-Market Road",J29="DA-RFO2 RICE","Rice",J29="DA-RFO2 Rice Program","Rice",J29="DA-RFO2 CORN","Corn",J29="DA-RFO2 Corn Program","Corn",J29="DA-RFO2 HVCDP","High Value Crops (Vegetables/Fruits/Rootcrops)",J29="DA-RFO2 HVCDP Export","High Value Export Crops (Dragon Fruit/Ube/Okra/Banana)",J29="DA-RFO2 HVCDP Coffee","Coffee (HVCDP)",J29="DA-RFO2 LIVESTOCK","Livestock (Cattle/Carabao/Swine/Poultry)",J29="DA-RFO2 SAAD","Various Commodities (SAAD)",J29="DA-RFO2 4K","Various Commodities (4Ks)",J29="DA-RFO2 4KS","Various Commodities (4Ks)",J29="DA-RFO2 HALAL","Halal Food Products",J29="DA-RFO2 OAP","Organic Agriculture",J29="DA-RFO2 NUPAP","Vegetables (NUPAP/Urban Agri)",TRUE,IF(ISNUMBER(SEARCH("FMR",D29)),"Farm-to-Market Road",IF(ISNUMBER(SEARCH("RICE",D29)),"Rice",IF(ISNUMBER(SEARCH("CORN",D29)),"Corn",IF(ISNUMBER(SEARCH("HVCDP COFFEE",D29)),"Coffee (HVCDP)",IF(ISNUMBER(SEARCH("HVCDP EXPORT",D29)),"High Value Export Crops (Dragon Fruit/Ube/Okra/Banana)",IF(ISNUMBER(SEARCH("HVCDP",D29)),"High Value Crops (Vegetables/Fruits/Rootcrops)",IF(ISNUMBER(SEARCH("LIVESTOCK",D29)),"Livestock (Cattle/Carabao/Swine/Poultry)",IF(ISNUMBER(SEARCH("SAAD",D29)),"Various Commodities (SAAD)",IF(ISNUMBER(SEARCH("4KS",D29)),"Various Commodities (4Ks)",IF(ISNUMBER(SEARCH("4K",D29)),"Various Commodities (4Ks)",IF(ISNUMBER(SEARCH("HALAL",D29)),"Halal Food Products",IF(ISNUMBER(SEARCH("OAP",D29)),"Organic Agriculture",IF(ISNUMBER(SEARCH("NUPAP",D29)),"Vegetables (NUPAP/Urban Agri)",""))))))))))))))
A30: Region 2 | B30: Batanes | C30: Ivana | D30: Potable Water Supply Systems | J30: DA-RFO2 | AA30: =_xlfn.IFS(J30="DA-FMRDP","Farm-to-Market Road",J30="DA-RFO2 RICE","Rice",J30="DA-RFO2 Rice Program","Rice",J30="DA-RFO2 CORN","Corn",J30="DA-RFO2 Corn Program","Corn",J30="DA-RFO2 HVCDP","High Value Crops (Vegetables/Fruits/Rootcrops)",J30="DA-RFO2 HVCDP Export","High Value Export Crops (Dragon Fruit/Ube/Okra/Banana)",J30="DA-RFO2 HVCDP Coffee","Coffee (HVCDP)",J30="DA-RFO2 LIVESTOCK","Livestock (Cattle/Carabao/Swine/Poultry)",J30="DA-RFO2 SAAD","Various Commodities (SAAD)",J30="DA-RFO2 4K","Various Commodities (4Ks)",J30="DA-RFO2 4KS","Various Commodities (4Ks)",J30="DA-RFO2 HALAL","Halal Food Products",J30="DA-RFO2 OAP","Organic Agriculture",J30="DA-RFO2 NUPAP","Vegetables (NUPAP/Urban Agri)",TRUE,IF(ISNUMBER(SEARCH("FMR",D30)),"Farm-to-Market Road",IF(ISNUMBER(SEARCH("RICE",D30)),"Rice",IF(ISNUMBER(SEARCH("CORN",D30)),"Corn",IF(ISNUMBER(SEARCH("HVCDP COFFEE",D30)),"Coffee (HVCDP)",IF(ISNUMBER(SEARCH("HVCDP EXPORT",D30)),"High Value Export Crops (Dragon Fruit/Ube/Okra/Banana)",IF(ISNUMBER(SEARCH("HVCDP",D30)),"High Value Crops (Vegetables/Fruits/Rootcrops)",IF(ISNUMBER(SEARCH("LIVESTOCK",D30)),"Livestock (Cattle/Carabao/Swine/Poultry)",IF(ISNUMBER(SEARCH("SAAD",D30)),"Various Commodities (SAAD)",IF(ISNUMBER(SEARCH("4KS",D30)),"Various Commodities (4Ks)",IF(ISNUMBER(SEARCH("4K",D30)),"Various Commodities (4Ks)",IF(ISNUMBER(SEARCH("HALAL",D30)),"Halal Food Products",IF(ISNUMBER(SEARCH("OAP",D30)),"Organic Agriculture",IF(ISNUMBER(SEARCH("NUPAP",D30)),"Vegetables (NUPAP/Urban Agri)",""))))))))))))))
A31: Region 2 | B31: Batanes | C31: Ivana | D31: Silos | J31: DA-RFO2 | AA31: =_xlfn.IFS(J31="DA-FMRDP","Farm-to-Market Road",J31="DA-RFO2 RICE","Rice",J31="DA-RFO2 Rice Program","Rice",J31="DA-RFO2 CORN","Corn",J31="DA-RFO2 Corn Program","Corn",J31="DA-RFO2 HVCDP","High Value Crops (Vegetables/Fruits/Rootcrops)",J31="DA-RFO2 HVCDP Export","High Value Export Crops (Dragon Fruit/Ube/Okra/Banana)",J31="DA-RFO2 HVCDP Coffee","Coffee (HVCDP)",J31="DA-RFO2 LIVESTOCK","Livestock (Cattle/Carabao/Swine/Poultry)",J31="DA-RFO2 SAAD","Various Commodities (SAAD)",J31="DA-RFO2 4K","Various Commodities (4Ks)",J31="DA-RFO2 4KS","Various Commodities (4Ks)",J31="DA-RFO2 HALAL","Halal Food Products",J31="DA-RFO2 OAP","Organic Agriculture",J31="DA-RFO2 NUPAP","Vegetables (NUPAP/Urban Agri)",TRUE,IF(ISNUMBER(SEARCH("FMR",D31)),"Farm-to-Market Road",IF(ISNUMBER(SEARCH("RICE",D31)),"Rice",IF(ISNUMBER(SEARCH("CORN",D31)),"Corn",IF(ISNUMBER(SEARCH("HVCDP COFFEE",D31)),"Coffee (HVCDP)",IF(ISNUMBER(SEARCH("HVCDP EXPORT",D31)),"High Value Export Crops (Dragon Fruit/Ube/Okra/Banana)",IF(ISNUMBER(SEARCH("HVCDP",D31)),"High Value Crops (Vegetables/Fruits/Rootcrops)",IF(ISNUMBER(SEARCH("LIVESTOCK",D31)),"Livestock (Cattle/Carabao/Swine/Poultry)",IF(ISNUMBER(SEARCH("SAAD",D31)),"Various Commodities (SAAD)",IF(ISNUMBER(SEARCH("4KS",D31)),"Various Commodities (4Ks)",IF(ISNUMBER(SEARCH("4K",D31)),"Various Commodities (4Ks)",IF(ISNUMBER(SEARCH("HALAL",D31)),"Halal Food Products",IF(ISNUMBER(SEARCH("OAP",D31)),"Organic Agriculture",IF(ISNUMBER(SEARCH("NUPAP",D31)),"Vegetables (NUPAP/Urban Agri)",""))))))))))))))
A32: Region 2 | B32: Batanes | C32: Ivana | D32: Slaughterhouse & Abattoir | J32: DA-RFO2 | AA32: =_xlfn.IFS(J32="DA-FMRDP","Farm-to-Market Road",J32="DA-RFO2 RICE","Rice",J32="DA-RFO2 Rice Program","Rice",J32="DA-RFO2 CORN","Corn",J32="DA-RFO2 Corn Program","Corn",J32="DA-RFO2 HVCDP","High Value Crops (Vegetables/Fruits/Rootcrops)",J32="DA-RFO2 HVCDP Export","High Value Export Crops (Dragon Fruit/Ube/Okra/Banana)",J32="DA-RFO2 HVCDP Coffee","Coffee (HVCDP)",J32="DA-RFO2 LIVESTOCK","Livestock (Cattle/Carabao/Swine/Poultry)",J32="DA-RFO2 SAAD","Various Commodities (SAAD)",J32="DA-RFO2 4K","Various Commodities (4Ks)",J32="DA-RFO2 4KS","Various Commodities (4Ks)",J32="DA-RFO2 HALAL","Halal Food Products",J32="DA-RFO2 OAP","Organic Agriculture",J32="DA-RFO2 NUPAP","Vegetables (NUPAP/Urban Agri)",TRUE,IF(ISNUMBER(SEARCH("FMR",D32)),"Farm-to-Market Road",IF(ISNUMBER(SEARCH("RICE",D32)),"Rice",IF(ISNUMBER(SEARCH("CORN",D32)),"Corn",IF(ISNUMBER(SEARCH("HVCDP COFFEE",D32)),"Coffee (HVCDP)",IF(ISNUMBER(SEARCH("HVCDP EXPORT",D32)),"High Value Export Crops (Dragon Fruit/Ube/Okra/Banana)",IF(ISNUMBER(SEARCH("HVCDP",D32)),"High Value Crops (Vegetables/Fruits/Rootcrops)",IF(ISNUMBER(SEARCH("LIVESTOCK",D32)),"Livestock (Cattle/Carabao/Swine/Poultry)",IF(ISNUMBER(SEARCH("SAAD",D32)),"Various Commodities (SAAD)",IF(ISNUMBER(SEARCH("4KS",D32)),"Various Commodities (4Ks)",IF(ISNUMBER(SEARCH("4K",D32)),"Various Commodities (4Ks)",IF(ISNUMBER(SEARCH("HALAL",D32)),"Halal Food Products",IF(ISNUMBER(SEARCH("OAP",D32)),"Organic Agriculture",IF(ISNUMBER(SEARCH("NUPAP",D32)),"Vegetables (NUPAP/Urban Agri)",""))))))))))))))
A33: Region 2 | B33: Batanes | C33: Mahatao | D33: Buying, Consolidation, and Packaging Centers | J33: DA-RFO2 | AA33: =_xlfn.IFS(J33="DA-FMRDP","Farm-to-Market Road",J33="DA-RFO2 RICE","Rice",J33="DA-RFO2 Rice Program","Rice",J33="DA-RFO2 CORN","Corn",J33="DA-RFO2 Corn Program","Corn",J33="DA-RFO2 HVCDP","High Value Crops (Vegetables/Fruits/Rootcrops)",J33="DA-RFO2 HVCDP Export","High Value Export Crops (Dragon Fruit/Ube/Okra/Banana)",J33="DA-RFO2 HVCDP Coffee","Coffee (HVCDP)",J33="DA-RFO2 LIVESTOCK","Livestock (Cattle/Carabao/Swine/Poultry)",J33="DA-RFO2 SAAD","Various Commodities (SAAD)",J33="DA-RFO2 4K","Various Commodities (4Ks)",J33="DA-RFO2 4KS","Various Commodities (4Ks)",J33="DA-RFO2 HALAL","Halal Food Products",J33="DA-RFO2 OAP","Organic Agriculture",J33="DA-RFO2 NUPAP","Vegetables (NUPAP/Urban Agri)",TRUE,IF(ISNUMBER(SEARCH("FMR",D33)),"Farm-to-Market Road",IF(ISNUMBER(SEARCH("RICE",D33)),"Rice",IF(ISNUMBER(SEARCH("CORN",D33)),"Corn",IF(ISNUMBER(SEARCH("HVCDP COFFEE",D33)),"Coffee (HVCDP)",IF(ISNUMBER(SEARCH("HVCDP EXPORT",D33)),"High Value Export Crops (Dragon Fruit/Ube/Okra/Banana)",IF(ISNUMBER(SEARCH("HVCDP",D33)),"High Value Crops (Vegetables/Fruits/Rootcrops)",IF(ISNUMBER(SEARCH("LIVESTOCK",D33)),"Livestock (Cattle/Carabao/Swine/Poultry)",IF(ISNUMBER(SEARCH("SAAD",D33)),"Various Commodities (SAAD)",IF(ISNUMBER(SEARCH("4KS",D33)),"Various Commodities (4Ks)",IF(ISNUMBER(SEARCH("4K",D33)),"Various Commodities (4Ks)",IF(ISNUMBER(SEARCH("HALAL",D33)),"Halal Food Products",IF(ISNUMBER(SEARCH("OAP",D33)),"Organic Agriculture",IF(ISNUMBER(SEARCH("NUPAP",D33)),"Vegetables (NUPAP/Urban Agri)",""))))))))))))))
A34: Region 2 | B34: Batanes | C34: Mahatao | D34: FMR Construction/Concreting | E34: 12500 | J34: DA-FMRDP | AA34: =_xlfn.IFS(J34="DA-FMRDP","Farm-to-Market Road",J34="DA-RFO2 RICE","Rice",J34="DA-RFO2 Rice Program","Rice",J34="DA-RFO2 CORN","Corn",J34="DA-RFO2 Corn Program","Corn",J34="DA-RFO2 HVCDP","High Value Crops (Vegetables/Fruits/Rootcrops)",J34="DA-RFO2 HVCDP Export","High Value Export Crops (Dragon Fruit/Ube/Okra/Banana)",J34="DA-RFO2 HVCDP Coffee","Coffee (HVCDP)",J34="DA-RFO2 LIVESTOCK","Livestock (Cattle/Carabao/Swine/Poultry)",J34="DA-RFO2 SAAD","Various Commodities (SAAD)",J34="DA-RFO2 4K","Various Commodities (4Ks)",J34="DA-RFO2 4KS","Various Commodities (4Ks)",J34="DA-RFO2 HALAL","Halal Food Products",J34="DA-RFO2 OAP","Organic Agriculture",J34="DA-RFO2 NUPAP","Vegetables (NUPAP/Urban Agri)",TRUE,IF(ISNUMBER(SEARCH("FMR",D34)),"Farm-to-Market Road",IF(ISNUMBER(SEARCH("RICE",D34)),"Rice",IF(ISNUMBER(SEARCH("CORN",D34)),"Corn",IF(ISNUMBER(SEARCH("HVCDP COFFEE",D34)),"Coffee (HVCDP)",IF(ISNUMBER(SEARCH("HVCDP EXPORT",D34)),"High Value Export Crops (Dragon Fruit/Ube/Okra/Banana)",IF(ISNUMBER(SEARCH("HVCDP",D34)),"High Value Crops (Vegetables/Fruits/Rootcrops)",IF(ISNUMBER(SEARCH("LIVESTOCK",D34)),"Livestock (Cattle/Carabao/Swine/Poultry)",IF(ISNUMBER(SEARCH("SAAD",D34)),"Various Commodities (SAAD)",IF(ISNUMBER(SEARCH("4KS",D34)),"Various Commodities (4Ks)",IF(ISNUMBER(SEARCH("4K",D34)),"Various Commodities (4Ks)",IF(ISNUMBER(SEARCH("HALAL",D34)),"Halal Food Products",IF(ISNUMBER(SEARCH("OAP",D34)),"Organic Agriculture",IF(ISNUMBER(SEARCH("NUPAP",D34)),"Vegetables (NUPAP/Urban Agri)","")))))))))))))) -> Farm-to-Market Road
A35: Region 2 | B35: Batanes | C35: Mahatao | D35: Mechanical Dryers / Multi-Purpose Dryers | J35: DA-RFO2 | AA35: =_xlfn.IFS(J35="DA-FMRDP","Farm-to-Market Road",J35="DA-RFO2 RICE","Rice",J35="DA-RFO2 Rice Program","Rice",J35="DA-RFO2 CORN","Corn",J35="DA-RFO2 Corn Program","Corn",J35="DA-RFO2 HVCDP","High Value Crops (Vegetables/Fruits/Rootcrops)",J35="DA-RFO2 HVCDP Export","High Value Export Crops (Dragon Fruit/Ube/Okra/Banana)",J35="DA-RFO2 HVCDP Coffee","Coffee (HVCDP)",J35="DA-RFO2 LIVESTOCK","Livestock (Cattle/Carabao/Swine/Poultry)",J35="DA-RFO2 SAAD","Various Commodities (SAAD)",J35="DA-RFO2 4K","Various Commodities (4Ks)",J35="DA-RFO2 4KS","Various Commodities (4Ks)",J35="DA-RFO2 HALAL","Halal Food Products",J35="DA-RFO2 OAP","Organic Agriculture",J35="DA-RFO2 NUPAP","Vegetables (NUPAP/Urban Agri)",TRUE,IF(ISNUMBER(SEARCH("FMR",D35)),"Farm-to-Market Road",IF(ISNUMBER(SEARCH("RICE",D35)),"Rice",IF(ISNUMBER(SEARCH("CORN",D35)),"Corn",IF(ISNUMBER(SEARCH("HVCDP COFFEE",D35)),"Coffee (HVCDP)",IF(ISNUMBER(SEARCH("HVCDP EXPORT",D35)),"High Value Export Crops (Dragon Fruit/Ube/Okra/Banana)",IF(ISNUMBER(SEARCH("HVCDP",D35)),"High Value Crops (Vegetables/Fruits/Rootcrops)",IF(ISNUMBER(SEARCH("LIVESTOCK",D35)),"Livestock (Cattle/Carabao/Swine/Poultry)",IF(ISNUMBER(SEARCH("SAAD",D35)),"Various Commodities (SAAD)",IF(ISNUMBER(SEARCH("4KS",D35)),"Various Commodities (4Ks)",IF(ISNUMBER(SEARCH("4K",D35)),"Various Commodities (4Ks)",IF(ISNUMBER(SEARCH("HALAL",D35)),"Halal Food Products",IF(ISNUMBER(SEARCH("OAP",D35)),"Organic Agriculture",IF(ISNUMBER(SEARCH("NUPAP",D35)),"Vegetables (NUPAP/Urban Agri)",""))))))))))))))
A36: Region 2 | B36: Batanes | C36: Mahatao | D36: Warehouse Facilities | J36: DA-RFO2 | AA36: =_xlfn.IFS(J36="DA-FMRDP","Farm-to-Market Road",J36="DA-RFO2 RICE","Rice",J36="DA-RFO2 Rice Program","Rice",J36="DA-RFO2 CORN","Corn",J36="DA-RFO2 Corn Program","Corn",J36="DA-RFO2 HVCDP","High Value Crops (Vegetables/Fruits/Rootcrops)",J36="DA-RFO2 HVCDP Export","High Value Export Crops (Dragon Fruit/Ube/Okra/Banana)",J36="DA-RFO2 HVCDP Coffee","Coffee (HVCDP)",J36="DA-RFO2 LIVESTOCK","Livestock (Cattle/Carabao/Swine/Poultry)",J36="DA-RFO2 SAAD","Various Commodities (SAAD)",J36="DA-RFO2 4K","Various Commodities (4Ks)",J36="DA-RFO2 4KS","Various Commodities (4Ks)",J36="DA-RFO2 HALAL","Halal Food Products",J36="DA-RFO2 OAP","Organic Agriculture",J36="DA-RFO2 NUPAP","Vegetables (NUPAP/Urban Agri)",TRUE,IF(ISNUMBER(SEARCH("FMR",D36)),"Farm-to-Market Road",IF(ISNUMBER(SEARCH("RICE",D36)),"Rice",IF(ISNUMBER(SEARCH("CORN",D36)),"Corn",IF(ISNUMBER(SEARCH("HVCDP COFFEE",D36)),"Coffee (HVCDP)",IF(ISNUMBER(SEARCH("HVCDP EXPORT",D36)),"High Value Export Crops (Dragon Fruit/Ube/Okra/Banana)",IF(ISNUMBER(SEARCH("HVCDP",D36)),"High Value Crops (Vegetables/Fruits/Rootcrops)",IF(ISNUMBER(SEARCH("LIVESTOCK",D36)),"Livestock (Cattle/Carabao/Swine/Poultry)",IF(ISNUMBER(SEARCH("SAAD",D36)),"Various Commodities (SAAD)",IF(ISNUMBER(SEARCH("4KS",D36)),"Various Commodities (4Ks)",IF(ISNUMBER(SEARCH("4K",D36)),"Various Commodities (4Ks)",IF(ISNUMBER(SEARCH("HALAL",D36)),"Halal Food Products",IF(ISNUMBER(SEARCH("OAP",D36)),"Organic Agriculture",IF(ISNUMBER(SEARCH("NUPAP",D36)),"Vegetables (NUPAP/Urban Agri)",""))))))))))))))
A37: Region 2 | B37: Batanes | C37: Sabtang | D37: Buying, Consolidation, and Packaging Centers | J37: DA-RFO2 | AA37: =_xlfn.IFS(J37="DA-FMRDP","Farm-to-Market Road",J37="DA-RFO2 RICE","Rice",J37="DA-RFO2 Rice Program","Rice",J37="DA-RFO2 CORN","Corn",J37="DA-RFO2 Corn Program","Corn",J37="DA-RFO2 HVCDP","High Value Crops (Vegetables/Fruits/Rootcrops)",J37="DA-RFO2 HVCDP Export","High Value Export Crops (Dragon Fruit/Ube/Okra/Banana)",J37="DA-RFO2 HVCDP Coffee","Coffee (HVCDP)",J37="DA-RFO2 LIVESTOCK","Livestock (Cattle/Carabao/Swine/Poultry)",J37="DA-RFO2 SAAD","Various Commodities (SAAD)",J37="DA-RFO2 4K","Various Commodities (4Ks)",J37="DA-RFO2 4KS","Various Commodities (4Ks)",J37="DA-RFO2 HALAL","Halal Food Products",J37="DA-RFO2 OAP","Organic Agriculture",J37="DA-RFO2 NUPAP","Vegetables (NUPAP/Urban Agri)",TRUE,IF(ISNUMBER(SEARCH("FMR",D37)),"Farm-to-Market Road",IF(ISNUMBER(SEARCH("RICE",D37)),"Rice",IF(ISNUMBER(SEARCH("CORN",D37)),"Corn",IF(ISNUMBER(SEARCH("HVCDP COFFEE",D37)),"Coffee (HVCDP)",IF(ISNUMBER(SEARCH("HVCDP EXPORT",D37)),"High Value Export Crops (Dragon Fruit/Ube/Okra/Banana)",IF(ISNUMBER(SEARCH("HVCDP",D37)),"High Value Crops (Vegetables/Fruits/Rootcrops)",IF(ISNUMBER(SEARCH("LIVESTOCK",D37)),"Livestock (Cattle/Carabao/Swine/Poultry)",IF(ISNUMBER(SEARCH("SAAD",D37)),"Various Commodities (SAAD)",IF(ISNUMBER(SEARCH("4KS",D37)),"Various Commodities (4Ks)",IF(ISNUMBER(SEARCH("4K",D37)),"Various Commodities (4Ks)",IF(ISNUMBER(SEARCH("HALAL",D37)),"Halal Food Products",IF(ISNUMBER(SEARCH("OAP",D37)),"Organic Agriculture",IF(ISNUMBER(SEARCH("NUPAP",D37)),"Vegetables (NUPAP/Urban Agri)",""))))))))))))))
A38: Region 2 | B38: Batanes | C38: Sabtang | D38: Construction of Satuvang-Chaninu, Brgy. Savidug FMR Phase III, Brgy. Savidug, Sabtang, Batanes | F38: 16000 | J38: DA-FMRDP | AA38: =_xlfn.IFS(J38="DA-FMRDP","Farm-to-Market Road",J38="DA-RFO2 RICE","Rice",J38="DA-RFO2 Rice Program","Rice",J38="DA-RFO2 CORN","Corn",J38="DA-RFO2 Corn Program","Corn",J38="DA-RFO2 HVCDP","High Value Crops (Vegetables/Fruits/Rootcrops)",J38="DA-RFO2 HVCDP Export","High Value Export Crops (Dragon Fruit/Ube/Okra/Banana)",J38="DA-RFO2 HVCDP Coffee","Coffee (HVCDP)",J38="DA-RFO2 LIVESTOCK","Livestock (Cattle/Carabao/Swine/Poultry)",J38="DA-RFO2 SAAD","Various Commodities (SAAD)",J38="DA-RFO2 4K","Various Commodities (4Ks)",J38="DA-RFO2 4KS","Various Commodities (4Ks)",J38="DA-RFO2 HALAL","Halal Food Products",J38="DA-RFO2 OAP","Organic Agriculture",J38="DA-RFO2 NUPAP","Vegetables (NUPAP/Urban Agri)",TRUE,IF(ISNUMBER(SEARCH("FMR",D38)),"Farm-to-Market Road",IF(ISNUMBER(SEARCH("RICE",D38)),"Rice",IF(ISNUMBER(SEARCH("CORN",D38)),"Corn",IF(ISNUMBER(SEARCH("HVCDP COFFEE",D38)),"Coffee (HVCDP)",IF(ISNUMBER(SEARCH("HVCDP EXPORT",D38)),"High Value Export Crops (Dragon Fruit/Ube/Okra/Banana)",IF(ISNUMBER(SEARCH("HVCDP",D38)),"High Value Crops (Vegetables/Fruits/Rootcrops)",IF(ISNUMBER(SEARCH("LIVESTOCK",D38)),"Livestock (Cattle/Carabao/Swine/Poultry)",IF(ISNUMBER(SEARCH("SAAD",D38)),"Various Commodities (SAAD)",IF(ISNUMBER(SEARCH("4KS",D38)),"Various Commodities (4Ks)",IF(ISNUMBER(SEARCH("4K",D38)),"Various Commodities (4Ks)",IF(ISNUMBER(SEARCH("HALAL",D38)),"Halal Food Products",IF(ISNUMBER(SEARCH("OAP",D38)),"Organic Agriculture",IF(ISNUMBER(SEARCH("NUPAP",D38)),"Vegetables (NUPAP/Urban Agri)","")))))))))))))) -> Farm-to-Market Road
A39: Region 2 | B39: Batanes | C39: Sabtang | D39: Construction of Sitio Riwas-Roro Port, Brgy. Malakdang FMR, Brgy. Malakdang, Sabtang, Batanes | F39: 13500 | J39: DA-FMRDP | AA39: =_xlfn.IFS(J39="DA-FMRDP","Farm-to-Market Road",J39="DA-RFO2 RICE","Rice",J39="DA-RFO2 Rice Program","Rice",J39="DA-RFO2 CORN","Corn",J39="DA-RFO2 Corn Program","Corn",J39="DA-RFO2 HVCDP","High Value Crops (Vegetables/Fruits/Rootcrops)",J39="DA-RFO2 HVCDP Export","High Value Export Crops (Dragon Fruit/Ube/Okra/Banana)",J39="DA-RFO2 HVCDP Coffee","Coffee (HVCDP)",J39="DA-RFO2 LIVESTOCK","Livestock (Cattle/Carabao/Swine/Poultry)",J39="DA-RFO2 SAAD","Various Commodities (SAAD)",J39="DA-RFO2 4K","Various Commodities (4Ks)",J39="DA-RFO2 4KS","Various Commodities (4Ks)",J39="DA-RFO2 HALAL","Halal Food Products",J39="DA-RFO2 OAP","Organic Agriculture",J39="DA-RFO2 NUPAP","Vegetables (NUPAP/Urban Agri)",TRUE,IF(ISNUMBER(SEARCH("FMR",D39)),"Farm-to-Market Road",IF(ISNUMBER(SEARCH("RICE",D39)),"Rice",IF(ISNUMBER(SEARCH("CORN",D39)),"Corn",IF(ISNUMBER(SEARCH("HVCDP COFFEE",D39)),"Coffee (HVCDP)",IF(ISNUMBER(SEARCH("HVCDP EXPORT",D39)),"High Value Export Crops (Dragon Fruit/Ube/Okra/Banana)",IF(ISNUMBER(SEARCH("HVCDP",D39)),"High Value Crops (Vegetables/Fruits/Rootcrops)",IF(ISNUMBER(SEARCH("LIVESTOCK",D39)),"Livestock (Cattle/Carabao/Swine/Poultry)",IF(ISNUMBER(SEARCH("SAAD",D39)),"Various Commodities (SAAD)",IF(ISNUMBER(SEARCH("4KS",D39)),"Various Commodities (4Ks)",IF(ISNUMBER(SEARCH("4K",D39)),"Various Commodities (4Ks)",IF(ISNUMBER(SEARCH("HALAL",D39)),"Halal Food Products",IF(ISNUMBER(SEARCH("OAP",D39)),"Organic Agriculture",IF(ISNUMBER(SEARCH("NUPAP",D39)),"Vegetables (NUPAP/Urban Agri)","")))))))))))))) -> Farm-to-Market Road
A40: Region 2 | B40: Batanes | C40: Sabtang | D40: FMR Construction/Concreting | E40: 25000 | J40: DA-FMRDP | AA40: =_xlfn.IFS(J40="DA-FMRDP","Farm-to-Market Road",J40="DA-RFO2 RICE","Rice",J40="DA-RFO2 Rice Program","Rice",J40="DA-RFO2 CORN","Corn",J40="DA-RFO2 Corn Program","Corn",J40="DA-RFO2 HVCDP","High Value Crops (Vegetables/Fruits/Rootcrops)",J40="DA-RFO2 HVCDP Export","High Value Export Crops (Dragon Fruit/Ube/Okra/Banana)",J40="DA-RFO2 HVCDP Coffee","Coffee (HVCDP)",J40="DA-RFO2 LIVESTOCK","Livestock (Cattle/Carabao/Swine/Poultry)",J40="DA-RFO2 SAAD","Various Commodities (SAAD)",J40="DA-RFO2 4K","Various Commodities (4Ks)",J40="DA-RFO2 4KS","Various Commodities (4Ks)",J40="DA-RFO2 HALAL","Halal Food Products",J40="DA-RFO2 OAP","Organic Agriculture",J40="DA-RFO2 NUPAP","Vegetables (NUPAP/Urban Agri)",TRUE,IF(ISNUMBER(SEARCH("FMR",D40)),"Farm-to-Market Road",IF(ISNUMBER(SEARCH("RICE",D40)),"Rice",IF(ISNUMBER(SEARCH("CORN",D40)),"Corn",IF(ISNUMBER(SEARCH("HVCDP COFFEE",D40)),"Coffee (HVCDP)",IF(ISNUMBER(SEARCH("HVCDP EXPORT",D40)),"High Value Export Crops (Dragon Fruit/Ube/Okra/Banana)",IF(ISNUMBER(SEARCH("HVCDP",D40)),"High Value Crops (Vegetables/Fruits/Rootcrops)",IF(ISNUMBER(SEARCH("LIVESTOCK",D40)),"Livestock (Cattle/Carabao/Swine/Poultry)",IF(ISNUMBER(SEARCH("SAAD",D40)),"Various Commodities (SAAD)",IF(ISNUMBER(SEARCH("4KS",D40)),"Various Commodities (4Ks)",IF(ISNUMBER(SEARCH("4K",D40)),"Various Commodities (4Ks)",IF(ISNUMBER(SEARCH("HALAL",D40)),"Halal Food Products",IF(ISNUMBER(SEARCH("OAP",D40)),"Organic Agriculture",IF(ISNUMBER(SEARCH("NUPAP",D40)),"Vegetables (NUPAP/Urban Agri)","")))))))))))))) -> Farm-to-Market Road
A41: Region 2 | B41: Batanes | C41: Sabtang | D41: Irrigation Systems | J41: DA-RFO2 | AA41: =_xlfn.IFS(J41="DA-FMRDP","Farm-to-Market Road",J41="DA-RFO2 RICE","Rice",J41="DA-RFO2 Rice Program","Rice",J41="DA-RFO2 CORN","Corn",J41="DA-RFO2 Corn Program","Corn",J41="DA-RFO2 HVCDP","High Value Crops (Vegetables/Fruits/Rootcrops)",J41="DA-RFO2 HVCDP Export","High Value Export Crops (Dragon Fruit/Ube/Okra/Banana)",J41="DA-RFO2 HVCDP Coffee","Coffee (HVCDP)",J41="DA-RFO2 LIVESTOCK","Livestock (Cattle/Carabao/Swine/Poultry)",J41="DA-RFO2 SAAD","Various Commodities (SAAD)",J41="DA-RFO2 4K","Various Commodities (4Ks)",J41="DA-RFO2 4KS","Various Commodities (4Ks)",J41="DA-RFO2 HALAL","Halal Food Products",J41="DA-RFO2 OAP","Organic Agriculture",J41="DA-RFO2 NUPAP","Vegetables (NUPAP/Urban Agri)",TRUE,IF(ISNUMBER(SEARCH("FMR",D41)),"Farm-to-Market Road",IF(ISNUMBER(SEARCH("RICE",D41)),"Rice",IF(ISNUMBER(SEARCH("CORN",D41)),"Corn",IF(ISNUMBER(SEARCH("HVCDP COFFEE",D41)),"Coffee (HVCDP)",IF(ISNUMBER(SEARCH("HVCDP EXPORT",D41)),"High Value Export Crops (Dragon Fruit/Ube/Okra/Banana)",IF(ISNUMBER(SEARCH("HVCDP",D41)),"High Value Crops (Vegetables/Fruits/Rootcrops)",IF(ISNUMBER(SEARCH("LIVESTOCK",D41)),"Livestock (Cattle/Carabao/Swine/Poultry)",IF(ISNUMBER(SEARCH("SAAD",D41)),"Various Commodities (SAAD)",IF(ISNUMBER(SEARCH("4KS",D41)),"Various Commodities (4Ks)",IF(ISNUMBER(SEARCH("4K",D41)),"Various Commodities (4Ks)",IF(ISNUMBER(SEARCH("HALAL",D41)),"Halal Food Products",IF(ISNUMBER(SEARCH("OAP",D41)),"Organic Agriculture",IF(ISNUMBER(SEARCH("NUPAP",D41)),"Vegetables (NUPAP/Urban Agri)",""))))))))))))))
A42: Region 2 | B42: Batanes | C42: Sabtang | D42: Slaughterhouse & Abattoir | J42: DA-RFO2 | AA42: =_xlfn.IFS(J42="DA-FMRDP","Farm-to-Market Road",J42="DA-RFO2 RICE","Rice",J42="DA-RFO2 Rice Program","Rice",J42="DA-RFO2 CORN","Corn",J42="DA-RFO2 Corn Program","Corn",J42="DA-RFO2 HVCDP","High Value Crops (Vegetables/Fruits/Rootcrops)",J42="DA-RFO2 HVCDP Export","High Value Export Crops (Dragon Fruit/Ube/Okra/Banana)",J42="DA-RFO2 HVCDP Coffee","Coffee (HVCDP)",J42="DA-RFO2 LIVESTOCK","Livestock (Cattle/Carabao/Swine/Poultry)",J42="DA-RFO2 SAAD","Various Commodities (SAAD)",J42="DA-RFO2 4K","Various Commodities (4Ks)",J42="DA-RFO2 4KS","Various Commodities (4Ks)",J42="DA-RFO2 HALAL","Halal Food Products",J42="DA-RFO2 OAP","Organic Agriculture",J42="DA-RFO2 NUPAP","Vegetables (NUPAP/Urban Agri)",TRUE,IF(ISNUMBER(SEARCH("FMR",D42)),"Farm-to-Market Road",IF(ISNUMBER(SEARCH("RICE",D42)),"Rice",IF(ISNUMBER(SEARCH("CORN",D42)),"Corn",IF(ISNUMBER(SEARCH("HVCDP COFFEE",D42)),"Coffee (HVCDP)",IF(ISNUMBER(SEARCH("HVCDP EXPORT",D42)),"High Value Export Crops (Dragon Fruit/Ube/Okra/Banana)",IF(ISNUMBER(SEARCH("HVCDP",D42)),"High Value Crops (Vegetables/Fruits/Rootcrops)",IF(ISNUMBER(SEARCH("LIVESTOCK",D42)),"Livestock (Cattle/Carabao/Swine/Poultry)",IF(ISNUMBER(SEARCH("SAAD",D42)),"Various Commodities (SAAD)",IF(ISNUMBER(SEARCH("4KS",D42)),"Various Commodities (4Ks)",IF(ISNUMBER(SEARCH("4K",D42)),"Various Commodities (4Ks)",IF(ISNUMBER(SEARCH("HALAL",D42)),"Halal Food Products",IF(ISNUMBER(SEARCH("OAP",D42)),"Organic Agriculture",IF(ISNUMBER(SEARCH("NUPAP",D42)),"Vegetables (NUPAP/Urban Agri)",""))))))))))))))
A43: Region 2 | B43: Batanes | C43: Uyugan | D43: Common Service Facilities | J43: DA-RFO2 | AA43: =_xlfn.IFS(J43="DA-FMRDP","Farm-to-Market Road",J43="DA-RFO2 RICE","Rice",J43="DA-RFO2 Rice Program","Rice",J43="DA-RFO2 CORN","Corn",J43="DA-RFO2 Corn Program","Corn",J43="DA-RFO2 HVCDP","High Value Crops (Vegetables/Fruits/Rootcrops)",J43="DA-RFO2 HVCDP Export","High Value Export Crops (Dragon Fruit/Ube/Okra/Banana)",J43="DA-RFO2 HVCDP Coffee","Coffee (HVCDP)",J43="DA-RFO2 LIVESTOCK","Livestock (Cattle/Carabao/Swine/Poultry)",J43="DA-RFO2 SAAD","Various Commodities (SAAD)",J43="DA-RFO2 4K","Various Commodities (4Ks)",J43="DA-RFO2 4KS","Various Commodities (4Ks)",J43="DA-RFO2 HALAL","Halal Food Products",J43="DA-RFO2 OAP","Organic Agriculture",J43="DA-RFO2 NUPAP","Vegetables (NUPAP/Urban Agri)",TRUE,IF(ISNUMBER(SEARCH("FMR",D43)),"Farm-to-Market Road",IF(ISNUMBER(SEARCH("RICE",D43)),"Rice",IF(ISNUMBER(SEARCH("CORN",D43)),"Corn",IF(ISNUMBER(SEARCH("HVCDP COFFEE",D43)),"Coffee (HVCDP)",IF(ISNUMBER(SEARCH("HVCDP EXPORT",D43)),"High Value Export Crops (Dragon Fruit/Ube/Okra/Banana)",IF(ISNUMBER(SEARCH("HVCDP",D43)),"High Value Crops (Vegetables/Fruits/Rootcrops)",IF(ISNUMBER(SEARCH("LIVESTOCK",D43)),"Livestock (Cattle/Carabao/Swine/Poultry)",IF(ISNUMBER(SEARCH("SAAD",D43)),"Various Commodities (SAAD)",IF(ISNUMBER(SEARCH("4KS",D43)),"Various Commodities (4Ks)",IF(ISNUMBER(SEARCH("4K",D43)),"Various Commodities (4Ks)",IF(ISNUMBER(SEARCH("HALAL",D43)),"Halal Food Products",IF(ISNUMBER(SEARCH("OAP",D43)),"Organic Agriculture",IF(ISNUMBER(SEARCH("NUPAP",D43)),"Vegetables (NUPAP/Urban Agri)",""))))))))))))))
A44: Region 2 | B44: Batanes | C44: Uyugan | D44: Construction of Chanalan-Mahedhed, Brgy. Kayvaluganan FMR, Brgy. Kayvaluganan, Uyugan, Batanes | F44: 49000 | J44: DA-FMRDP | AA44: =_xlfn.IFS(J44="DA-FMRDP","Farm-to-Market Road",J44="DA-RFO2 RICE","Rice",J44="DA-RFO2 Rice Program","Rice",J44="DA-RFO2 CORN","Corn",J44="DA-RFO2 Corn Program","Corn",J44="DA-RFO2 HVCDP","High Value Crops (Vegetables/Fruits/Rootcrops)",J44="DA-RFO2 HVCDP Export","High Value Export Crops (Dragon Fruit/Ube/Okra/Banana)",J44="DA-RFO2 HVCDP Coffee","Coffee (HVCDP)",J44="DA-RFO2 LIVESTOCK","Livestock (Cattle/Carabao/Swine/Poultry)",J44="DA-RFO2 SAAD","Various Commodities (SAAD)",J44="DA-RFO2 4K","Various Commodities (4Ks)",J44="DA-RFO2 4KS","Various Commodities (4Ks)",J44="DA-RFO2 HALAL","Halal Food Products",J44="DA-RFO2 OAP","Organic Agriculture",J44="DA-RFO2 NUPAP","Vegetables (NUPAP/Urban Agri)",TRUE,IF(ISNUMBER(SEARCH("FMR",D44)),"Farm-to-Market Road",IF(ISNUMBER(SEARCH("RICE",D44)),"Rice",IF(ISNUMBER(SEARCH("CORN",D44)),"Corn",IF(ISNUMBER(SEARCH("HVCDP COFFEE",D44)),"Coffee (HVCDP)",IF(ISNUMBER(SEARCH("HVCDP EXPORT",D44)),"High Value Export Crops (Dragon Fruit/Ube/Okra/Banana)",IF(ISNUMBER(SEARCH("HVCDP",D44)),"High Value Crops (Vegetables/Fruits/Rootcrops)",IF(ISNUMBER(SEARCH("LIVESTOCK",D44)),"Livestock (Cattle/Carabao/Swine/Poultry)",IF(ISNUMBER(SEARCH("SAAD",D44)),"Various Commodities (SAAD)",IF(ISNUMBER(SEARCH("4KS",D44)),"Various Commodities (4Ks)",IF(ISNUMBER(SEARCH("4K",D44)),"Various Commodities (4Ks)",IF(ISNUMBER(SEARCH("HALAL",D44)),"Halal Food Products",IF(ISNUMBER(SEARCH("OAP",D44)),"Organic Agriculture",IF(ISNUMBER(SEARCH("NUPAP",D44)),"Vegetables (NUPAP/Urban Agri)","")))))))))))))) -> Farm-to-Market Road
A45: Region 2 | B45: Batanes | C45: Uyugan | D45: Construction of Chingteb-Babal FMR Phase III, Brgy Imnajbu, Uyugan, Batanes | F45: 46200 | J45: DA-FMRDP | AA45: =_xlfn.IFS(J45="DA-FMRDP","Farm-to-Market Road",J45="DA-RFO2 RICE","Rice",J45="DA-RFO2 Rice Program","Rice",J45="DA-RFO2 CORN","Corn",J45="DA-RFO2 Corn Program","Corn",J45="DA-RFO2 HVCDP","High Value Crops (Vegetables/Fruits/Rootcrops)",J45="DA-RFO2 HVCDP Export","High Value Export Crops (Dragon Fruit/Ube/Okra/Banana)",J45="DA-RFO2 HVCDP Coffee","Coffee (HVCDP)",J45="DA-RFO2 LIVESTOCK","Livestock (Cattle/Carabao/Swine/Poultry)",J45="DA-RFO2 SAAD","Various Commodities (SAAD)",J45="DA-RFO2 4K","Various Commodities (4Ks)",J45="DA-RFO2 4KS","Various Commodities (4Ks)",J45="DA-RFO2 HALAL","Halal Food Products",J45="DA-RFO2 OAP","Organic Agriculture",J45="DA-RFO2 NUPAP","Vegetables (NUPAP/Urban Agri)",TRUE,IF(ISNUMBER(SEARCH("FMR",D45)),"Farm-to-Market Road",IF(ISNUMBER(SEARCH("RICE",D45)),"Rice",IF(ISNUMBER(SEARCH("CORN",D45)),"Corn",IF(ISNUMBER(SEARCH("HVCDP COFFEE",D45)),"Coffee (HVCDP)",IF(ISNUMBER(SEARCH("HVCDP EXPORT",D45)),"High Value Export Crops (Dragon Fruit/Ube/Okra/Banana)",IF(ISNUMBER(SEARCH("HVCDP",D45)),"High Value Crops (Vegetables/Fruits/Rootcrops)",IF(ISNUMBER(SEARCH("LIVESTOCK",D45)),"Livestock (Cattle/Carabao/Swine/Poultry)",IF(ISNUMBER(SEARCH("SAAD",D45)),"Various Commodities (SAAD)",IF(ISNUMBER(SEARCH("4KS",D45)),"Various Commodities (4Ks)",IF(ISNUMBER(SEARCH("4K",D45)),"Various Commodities (4Ks)",IF(ISNUMBER(SEARCH("HALAL",D45)),"Halal Food Products",IF(ISNUMBER(SEARCH("OAP",D45)),"Organic Agriculture",IF(ISNUMBER(SEARCH("NUPAP",D45)),"Vegetables (NUPAP/Urban Agri)","")))))))))))))) -> Farm-to-Market Road
A46: Region 2 | B46: Batanes | C46: Uyugan | D46: Hauling Truck (1 unit) - SAAD | E46: 700 | J46: DA-RFO2 SAAD | AA46: =_xlfn.IFS(J46="DA-FMRDP","Farm-to-Market Road",J46="DA-RFO2 RICE","Rice",J46="DA-RFO2 Rice Program","Rice",J46="DA-RFO2 CORN","Corn",J46="DA-RFO2 Corn Program","Corn",J46="DA-RFO2 HVCDP","High Value Crops (Vegetables/Fruits/Rootcrops)",J46="DA-RFO2 HVCDP Export","High Value Export Crops (Dragon Fruit/Ube/Okra/Banana)",J46="DA-RFO2 HVCDP Coffee","Coffee (HVCDP)",J46="DA-RFO2 LIVESTOCK","Livestock (Cattle/Carabao/Swine/Poultry)",J46="DA-RFO2 SAAD","Various Commodities (SAAD)",J46="DA-RFO2 4K","Various Commodities (4Ks)",J46="DA-RFO2 4KS","Various Commodities (4Ks)",J46="DA-RFO2 HALAL","Halal Food Products",J46="DA-RFO2 OAP","Organic Agriculture",J46="DA-RFO2 NUPAP","Vegetables (NUPAP/Urban Agri)",TRUE,IF(ISNUMBER(SEARCH("FMR",D46)),"Farm-to-Market Road",IF(ISNUMBER(SEARCH("RICE",D46)),"Rice",IF(ISNUMBER(SEARCH("CORN",D46)),"Corn",IF(ISNUMBER(SEARCH("HVCDP COFFEE",D46)),"Coffee (HVCDP)",IF(ISNUMBER(SEARCH("HVCDP EXPORT",D46)),"High Value Export Crops (Dragon Fruit/Ube/Okra/Banana)",IF(ISNUMBER(SEARCH("HVCDP",D46)),"High Value Crops (Vegetables/Fruits/Rootcrops)",IF(ISNUMBER(SEARCH("LIVESTOCK",D46)),"Livestock (Cattle/Carabao/Swine/Poultry)",IF(ISNUMBER(SEARCH("SAAD",D46)),"Various Commodities (SAAD)",IF(ISNUMBER(SEARCH("4KS",D46)),"Various Commodities (4Ks)",IF(ISNUMBER(SEARCH("4K",D46)),"Various Commodities (4Ks)",IF(ISNUMBER(SEARCH("HALAL",D46)),"Halal Food Products",IF(ISNUMBER(SEARCH("OAP",D46)),"Organic Agriculture",IF(ISNUMBER(SEARCH("NUPAP",D46)),"Vegetables (NUPAP/Urban Agri)","")))))))))))))) -> Various Commodities (SAAD)
A47: Region 2 | B47: Batanes | C47: Uyugan | D47: HVC-based Project distributed - SAAD Program | E47: 1555 | J47: DA-RFO2 SAAD | AA47: =_xlfn.IFS(J47="DA-FMRDP","Farm-to-Market Road",J47="DA-RFO2 RICE","Rice",J47="DA-RFO2 Rice Program","Rice",J47="DA-RFO2 CORN","Corn",J47="DA-RFO2 Corn Program","Corn",J47="DA-RFO2 HVCDP","High Value Crops (Vegetables/Fruits/Rootcrops)",J47="DA-RFO2 HVCDP Export","High Value Export Crops (Dragon Fruit/Ube/Okra/Banana)",J47="DA-RFO2 HVCDP Coffee","Coffee (HVCDP)",J47="DA-RFO2 LIVESTOCK","Livestock (Cattle/Carabao/Swine/Poultry)",J47="DA-RFO2 SAAD","Various Commodities (SAAD)",J47="DA-RFO2 4K","Various Commodities (4Ks)",J47="DA-RFO2 4KS","Various Commodities (4Ks)",J47="DA-RFO2 HALAL","Halal Food Products",J47="DA-RFO2 OAP","Organic Agriculture",J47="DA-RFO2 NUPAP","Vegetables (NUPAP/Urban Agri)",TRUE,IF(ISNUMBER(SEARCH("FMR",D47)),"Farm-to-Market Road",IF(ISNUMBER(SEARCH("RICE",D47)),"Rice",IF(ISNUMBER(SEARCH("CORN",D47)),"Corn",IF(ISNUMBER(SEARCH("HVCDP COFFEE",D47)),"Coffee (HVCDP)",IF(ISNUMBER(SEARCH("HVCDP EXPORT",D47)),"High Value Export Crops (Dragon Fruit/Ube/Okra/Banana)",IF(ISNUMBER(SEARCH("HVCDP",D47)),"High Value Crops (Vegetables/Fruits/Rootcrops)",IF(ISNUMBER(SEARCH("LIVESTOCK",D47)),"Livestock (Cattle/Carabao/Swine/Poultry)",IF(ISNUMBER(SEARCH("SAAD",D47)),"Various Commodities (SAAD)",IF(ISNUMBER(SEARCH("4KS",D47)),"Various Commodities (4Ks)",IF(ISNUMBER(SEARCH("4K",D47)),"Various Commodities (4Ks)",IF(ISNUMBER(SEARCH("HALAL",D47)),"Halal Food Products",IF(ISNUMBER(SEARCH("OAP",D47)),"Organic Agriculture",IF(ISNUMBER(SEARCH("NUPAP",D47)),"Vegetables (NUPAP/Urban Agri)","")))))))))))))) -> Various Commodities (SAAD)
A48: Region 2 | B48: Batanes | C48: Uyugan | D48: Irrigation Systems | J48: DA-RFO2 | AA48: =_xlfn.IFS(J48="DA-FMRDP","Farm-to-Market Road",J48="DA-RFO2 RICE","Rice",J48="DA-RFO2 Rice Program","Rice",J48="DA-RFO2 CORN","Corn",J48="DA-RFO2 Corn Program","Corn",J48="DA-RFO2 HVCDP","High Value Crops (Vegetables/Fruits/Rootcrops)",J48="DA-RFO2 HVCDP Export","High Value Export Crops (Dragon Fruit/Ube/Okra/Banana)",J48="DA-RFO2 HVCDP Coffee","Coffee (HVCDP)",J48="DA-RFO2 LIVESTOCK","Livestock (Cattle/Carabao/Swine/Poultry)",J48="DA-RFO2 SAAD","Various Commodities (SAAD)",J48="DA-RFO2 4K","Various Commodities (4Ks)",J48="DA-RFO2 4KS","Various Commodities (4Ks)",J48="DA-RFO2 HALAL","Halal Food Products",J48="DA-RFO2 OAP","Organic Agriculture",J48="DA-RFO2 NUPAP","Vegetables (NUPAP/Urban Agri)",TRUE,IF(ISNUMBER(SEARCH("FMR",D48)),"Farm-to-Market Road",IF(ISNUMBER(SEARCH("RICE",D48)),"Rice",IF(ISNUMBER(SEARCH("CORN",D48)),"Corn",IF(ISNUMBER(SEARCH("HVCDP COFFEE",D48)),"Coffee (HVCDP)",IF(ISNUMBER(SEARCH("HVCDP EXPORT",D48)),"High Value Export Crops (Dragon Fruit/Ube/Okra/Banana)",IF(ISNUMBER(SEARCH("HVCDP",D48)),"High Value Crops (Vegetables/Fruits/Rootcrops)",IF(ISNUMBER(SEARCH("LIVESTOCK",D48)),"Livestock (Cattle/Carabao/Swine/Poultry)",IF(ISNUMBER(SEARCH("SAAD",D48)),"Various Commodities (SAAD)",IF(ISNUMBER(SEARCH("4KS",D48)),"Various Commodities (4Ks)",IF(ISNUMBER(SEARCH("4K",D48)),"Various Commodities (4Ks)",IF(ISNUMBER(SEARCH("HALAL",D48)),"Halal Food Products",IF(ISNUMBER(SEARCH("OAP",D48)),"Organic Agriculture",IF(ISNUMBER(SEARCH("NUPAP",D48)),"Vegetables (NUPAP/Urban Agri)",""))))))))))))))
A49: Region 2 | B49: Batanes | C49: Uyugan | D49: Organic Fertizer - HVCDP | E49: 120 | J49: DA-RFO2 HVCDP | AA49: =_xlfn.IFS(J49="DA-FMRDP","Farm-to-Market Road",J49="DA-RFO2 RICE","Rice",J49="DA-RFO2 Rice Program","Rice",J49="DA-RFO2 CORN","Corn",J49="DA-RFO2 Corn Program","Corn",J49="DA-RFO2 HVCDP","High Value Crops (Vegetables/Fruits/Rootcrops)",J49="DA-RFO2 HVCDP Export","High Value Export Crops (Dragon Fruit/Ube/Okra/Banana)",J49="DA-RFO2 HVCDP Coffee","Coffee (HVCDP)",J49="DA-RFO2 LIVESTOCK","Livestock (Cattle/Carabao/Swine/Poultry)",J49="DA-RFO2 SAAD","Various Commodities (SAAD)",J49="DA-RFO2 4K","Various Commodities (4Ks)",J49="DA-RFO2 4KS","Various Commodities (4Ks)",J49="DA-RFO2 HALAL","Halal Food Products",J49="DA-RFO2 OAP","Organic Agriculture",J49="DA-RFO2 NUPAP","Vegetables (NUPAP/Urban Agri)",TRUE,IF(ISNUMBER(SEARCH("FMR",D49)),"Farm-to-Market Road",IF(ISNUMBER(SEARCH("RICE",D49)),"Rice",IF(ISNUMBER(SEARCH("CORN",D49)),"Corn",IF(ISNUMBER(SEARCH("HVCDP COFFEE",D49)),"Coffee (HVCDP)",IF(ISNUMBER(SEARCH("HVCDP EXPORT",D49)),"High Value Export Crops (Dragon Fruit/Ube/Okra/Banana)",IF(ISNUMBER(SEARCH("HVCDP",D49)),"High Value Crops (Vegetables/Fruits/Rootcrops)",IF(ISNUMBER(SEARCH("LIVESTOCK",D49)),"Livestock (Cattle/Carabao/Swine/Poultry)",IF(ISNUMBER(SEARCH("SAAD",D49)),"Various Commodities (SAAD)",IF(ISNUMBER(SEARCH("4KS",D49)),"Various Commodities (4Ks)",IF(ISNUMBER(SEARCH("4K",D49)),"Various Commodities (4Ks)",IF(ISNUMBER(SEARCH("HALAL",D49)),"Halal Food Products",IF(ISNUMBER(SEARCH("OAP",D49)),"Organic Agriculture",IF(ISNUMBER(SEARCH("NUPAP",D49)),"Vegetables (NUPAP/Urban Agri)","")))))))))))))) -> High Value Crops (Vegetables/Fruits/Rootcrops)
A50: Region 2 | B50: Batanes | C50: Uyugan | D50: Seeds - HVCDP | E50: 7000 | J50: DA-RFO2 HVCDP | AA50: =_xlfn.IFS(J50="DA-FMRDP","Farm-to-Market Road",J50="DA-RFO2 RICE","Rice",J50="DA-RFO2 Rice Program","Rice",J50="DA-RFO2 CORN","Corn",J50="DA-RFO2 Corn Program","Corn",J50="DA-RFO2 HVCDP","High Value Crops (Vegetables/Fruits/Rootcrops)",J50="DA-RFO2 HVCDP Export","High Value Export Crops (Dragon Fruit/Ube/Okra/Banana)",J50="DA-RFO2 HVCDP Coffee","Coffee (HVCDP)",J50="DA-RFO2 LIVESTOCK","Livestock (Cattle/Carabao/Swine/Poultry)",J50="DA-RFO2 SAAD","Various Commodities (SAAD)",J50="DA-RFO2 4K","Various Commodities (4Ks)",J50="DA-RFO2 4KS","Various Commodities (4Ks)",J50="DA-RFO2 HALAL","Halal Food Products",J50="DA-RFO2 OAP","Organic Agriculture",J50="DA-RFO2 NUPAP","Vegetables (NUPAP/Urban Agri)",TRUE,IF(ISNUMBER(SEARCH("FMR",D50)),"Farm-to-Market Road",IF(ISNUMBER(SEARCH("RICE",D50)),"Rice",IF(ISNUMBER(SEARCH("CORN",D50)),"Corn",IF(ISNUMBER(SEARCH("HVCDP COFFEE",D50)),"Coffee (HVCDP)",IF(ISNUMBER(SEARCH("HVCDP EXPORT",D50)),"High Value Export Crops (Dragon Fruit/Ube/Okra/Banana)",IF(ISNUMBER(SEARCH("HVCDP",D50)),"High Value Crops (Vegetables/Fruits/Rootcrops)",IF(ISNUMBER(SEARCH("LIVESTOCK",D50)),"Livestock (Cattle/Carabao/Swine/Poultry)",IF(ISNUMBER(SEARCH("SAAD",D50)),"Various Commodities (SAAD)",IF(ISNUMBER(SEARCH("4KS",D50)),"Various Commodities (4Ks)",IF(ISNUMBER(SEARCH("4K",D50)),"Various Commodities (4Ks)",IF(ISNUMBER(SEARCH("HALAL",D50)),"Halal Food Products",IF(ISNUMBER(SEARCH("OAP",D50)),"Organic Agriculture",IF(ISNUMBER(SEARCH("NUPAP",D50)),"Vegetables (NUPAP/Urban Agri)","")))))))))))))) -> High Value Crops (Vegetables/Fruits/Rootcrops)
A51: Region 2 | B51: Batanes | C51: Uyugan | D51: Warehouse Facilities | J51: DA-RFO2 | AA51: =_xlfn.IFS(J51="DA-FMRDP","Farm-to-Market Road",J51="DA-RFO2 RICE","Rice",J51="DA-RFO2 Rice Program","Rice",J51="DA-RFO2 CORN","Corn",J51="DA-RFO2 Corn Program","Corn",J51="DA-RFO2 HVCDP","High Value Crops (Vegetables/Fruits/Rootcrops)",J51="DA-RFO2 HVCDP Export","High Value Export Crops (Dragon Fruit/Ube/Okra/Banana)",J51="DA-RFO2 HVCDP Coffee","Coffee (HVCDP)",J51="DA-RFO2 LIVESTOCK","Livestock (Cattle/Carabao/Swine/Poultry)",J51="DA-RFO2 SAAD","Various Commodities (SAAD)",J51="DA-RFO2 4K","Various Commodities (4Ks)",J51="DA-RFO2 4KS","Various Commodities (4Ks)",J51="DA-RFO2 HALAL","Halal Food Products",J51="DA-RFO2 OAP","Organic Agriculture",J51="DA-RFO2 NUPAP","Vegetables (NUPAP/Urban Agri)",TRUE,IF(ISNUMBER(SEARCH("FMR",D51)),"Farm-to-Market Road",IF(ISNUMBER(SEARCH("RICE",D51)),"Rice",IF(ISNUMBER(SEARCH("CORN",D51)),"Corn",IF(ISNUMBER(SEARCH("HVCDP COFFEE",D51)),"Coffee (HVCDP)",IF(ISNUMBER(SEARCH("HVCDP EXPORT",D51)),"High Value Export Crops (Dragon Fruit/Ube/Okra/Banana)",IF(ISNUMBER(SEARCH("HVCDP",D51)),"High Value Crops (Vegetables/Fruits/Rootcrops)",IF(ISNUMBER(SEARCH("LIVESTOCK",D51)),"Livestock (Cattle/Carabao/Swine/Poultry)",IF(ISNUMBER(SEARCH("SAAD",D51)),"Various Commodities (SAAD)",IF(ISNUMBER(SEARCH("4KS",D51)),"Various Commodities (4Ks)",IF(ISNUMBER(SEARCH("4K",D51)),"Various Commodities (4Ks)",IF(ISNUMBER(SEARCH("HALAL",D51)),"Halal Food Products",IF(ISNUMBER(SEARCH("OAP",D51)),"Organic Agriculture",IF(ISNUMBER(SEARCH("NUPAP",D51)),"Vegetables (NUPAP/Urban Agri)",""))))))))))))))
A52: Region 2 | B52: Cagayan | C52: Abulug | D52: Fertilizer Assistance - inorganic - Hybrid Area - RICE Program | E52: 15669.343 | F52: 1928.5345 | J52: DA-RFO2 RICE | AA52: =_xlfn.IFS(J52="DA-FMRDP","Farm-to-Market Road",J52="DA-RFO2 RICE","Rice",J52="DA-RFO2 Rice Program","Rice",J52="DA-RFO2 CORN","Corn",J52="DA-RFO2 Corn Program","Corn",J52="DA-RFO2 HVCDP","High Value Crops (Vegetables/Fruits/Rootcrops)",J52="DA-RFO2 HVCDP Export","High Value Export Crops (Dragon Fruit/Ube/Okra/Banana)",J52="DA-RFO2 HVCDP Coffee","Coffee (HVCDP)",J52="DA-RFO2 LIVESTOCK","Livestock (Cattle/Carabao/Swine/Poultry)",J52="DA-RFO2 SAAD","Various Commodities (SAAD)",J52="DA-RFO2 4K","Various Commodities (4Ks)",J52="DA-RFO2 4KS","Various Commodities (4Ks)",J52="DA-RFO2 HALAL","Halal Food Products",J52="DA-RFO2 OAP","Organic Agriculture",J52="DA-RFO2 NUPAP","Vegetables (NUPAP/Urban Agri)",TRUE,IF(ISNUMBER(SEARCH("FMR",D52)),"Farm-to-Market Road",IF(ISNUMBER(SEARCH("RICE",D52)),"Rice",IF(ISNUMBER(SEARCH("CORN",D52)),"Corn",IF(ISNUMBER(SEARCH("HVCDP COFFEE",D52)),"Coffee (HVCDP)",IF(ISNUMBER(SEARCH("HVCDP EXPORT",D52)),"High Value Export Crops (Dragon Fruit/Ube/Okra/Banana)",IF(ISNUMBER(SEARCH("HVCDP",D52)),"High Value Crops (Vegetables/Fruits/Rootcrops)",IF(ISNUMBER(SEARCH("LIVESTOCK",D52)),"Livestock (Cattle/Carabao/Swine/Poultry)",IF(ISNUMBER(SEARCH("SAAD",D52)),"Various Commodities (SAAD)",IF(ISNUMBER(SEARCH("4KS",D52)),"Various Commodities (4Ks)",IF(ISNUMBER(SEARCH("4K",D52)),"Various Commodities (4Ks)",IF(ISNUMBER(SEARCH("HALAL",D52)),"Halal Food Products",IF(ISNUMBER(SEARCH("OAP",D52)),"Organic Agriculture",IF(ISNUMBER(SEARCH("NUPAP",D52)),"Vegetables (NUPAP/Urban Agri)","")))))))))))))) -> Rice
A53: Region 2 | B53: Cagayan | C53: Abulug | D53: Forklift - RICE Program | F53: 2300 | J53: DA-RFO2 RICE | AA53: =_xlfn.IFS(J53="DA-FMRDP","Farm-to-Market Road",J53="DA-RFO2 RICE","Rice",J53="DA-RFO2 Rice Program","Rice",J53="DA-RFO2 CORN","Corn",J53="DA-RFO2 Corn Program","Corn",J53="DA-RFO2 HVCDP","High Value Crops (Vegetables/Fruits/Rootcrops)",J53="DA-RFO2 HVCDP Export","High Value Export Crops (Dragon Fruit/Ube/Okra/Banana)",J53="DA-RFO2 HVCDP Coffee","Coffee (HVCDP)",J53="DA-RFO2 LIVESTOCK","Livestock (Cattle/Carabao/Swine/Poultry)",J53="DA-RFO2 SAAD","Various Commodities (SAAD)",J53="DA-RFO2 4K","Various Commodities (4Ks)",J53="DA-RFO2 4KS","Various Commodities (4Ks)",J53="DA-RFO2 HALAL","Halal Food Products",J53="DA-RFO2 OAP","Organic Agriculture",J53="DA-RFO2 NUPAP","Vegetables (NUPAP/Urban Agri)",TRUE,IF(ISNUMBER(SEARCH("FMR",D53)),"Farm-to-Market Road",IF(ISNUMBER(SEARCH("RICE",D53)),"Rice",IF(ISNUMBER(SEARCH("CORN",D53)),"Corn",IF(ISNUMBER(SEARCH("HVCDP COFFEE",D53)),"Coffee (HVCDP)",IF(ISNUMBER(SEARCH("HVCDP EXPORT",D53)),"High Value Export Crops (Dragon Fruit/Ube/Okra/Banana)",IF(ISNUMBER(SEARCH("HVCDP",D53)),"High Value Crops (Vegetables/Fruits/Rootcrops)",IF(ISNUMBER(SEARCH("LIVESTOCK",D53)),"Livestock (Cattle/Carabao/Swine/Poultry)",IF(ISNUMBER(SEARCH("SAAD",D53)),"Various Commodities (SAAD)",IF(ISNUMBER(SEARCH("4KS",D53)),"Various Commodities (4Ks)",IF(ISNUMBER(SEARCH("4K",D53)),"Various Commodities (4Ks)",IF(ISNUMBER(SEARCH("HALAL",D53)),"Halal Food Products",IF(ISNUMBER(SEARCH("OAP",D53)),"Organic Agriculture",IF(ISNUMBER(SEARCH("NUPAP",D53)),"Vegetables (NUPAP/Urban Agri)","")))))))))))))) -> Rice
A54: Region 2 | B54: Cagayan | C54: Abulug | D54: Forklift (1 unit) - Rice Program | E54: 1500 | J54: DA-RFO2 Rice Program | AA54: =_xlfn.IFS(J54="DA-FMRDP","Farm-to-Market Road",J54="DA-RFO2 RICE","Rice",J54="DA-RFO2 Rice Program","Rice",J54="DA-RFO2 CORN","Corn",J54="DA-RFO2 Corn Program","Corn",J54="DA-RFO2 HVCDP","High Value Crops (Vegetables/Fruits/Rootcrops)",J54="DA-RFO2 HVCDP Export","High Value Export Crops (Dragon Fruit/Ube/Okra/Banana)",J54="DA-RFO2 HVCDP Coffee","Coffee (HVCDP)",J54="DA-RFO2 LIVESTOCK","Livestock (Cattle/Carabao/Swine/Poultry)",J54="DA-RFO2 SAAD","Various Commodities (SAAD)",J54="DA-RFO2 4K","Various Commodities (4Ks)",J54="DA-RFO2 4KS","Various Commodities (4Ks)",J54="DA-RFO2 HALAL","Halal Food Products",J54="DA-RFO2 OAP","Organic Agriculture",J54="DA-RFO2 NUPAP","Vegetables (NUPAP/Urban Agri)",TRUE,IF(ISNUMBER(SEARCH("FMR",D54)),"Farm-to-Market Road",IF(ISNUMBER(SEARCH("RICE",D54)),"Rice",IF(ISNUMBER(SEARCH("CORN",D54)),"Corn",IF(ISNUMBER(SEARCH("HVCDP COFFEE",D54)),"Coffee (HVCDP)",IF(ISNUMBER(SEARCH("HVCDP EXPORT",D54)),"High Value Export Crops (Dragon Fruit/Ube/Okra/Banana)",IF(ISNUMBER(SEARCH("HVCDP",D54)),"High Value Crops (Vegetables/Fruits/Rootcrops)",IF(ISNUMBER(SEARCH("LIVESTOCK",D54)),"Livestock (Cattle/Carabao/Swine/Poultry)",IF(ISNUMBER(SEARCH("SAAD",D54)),"Various Commodities (SAAD)",IF(ISNUMBER(SEARCH("4KS",D54)),"Various Commodities (4Ks)",IF(ISNUMBER(SEARCH("4K",D54)),"Various Commodities (4Ks)",IF(ISNUMBER(SEARCH("HALAL",D54)),"Halal Food Products",IF(ISNUMBER(SEARCH("OAP",D54)),"Organic Agriculture",IF(ISNUMBER(SEARCH("NUPAP",D54)),"Vegetables (NUPAP/Urban Agri)","")))))))))))))) -> Rice
A55: Region 2 | B55: Cagayan | C55: Abulug | D55: Hauling Truck - RICE Program | F55: 1500 | J55: DA-RFO2 RICE | AA55: =_xlfn.IFS(J55="DA-FMRDP","Farm-to-Market Road",J55="DA-RFO2 RICE","Rice",J55="DA-RFO2 Rice Program","Rice",J55="DA-RFO2 CORN","Corn",J55="DA-RFO2 Corn Program","Corn",J55="DA-RFO2 HVCDP","High Value Crops (Vegetables/Fruits/Rootcrops)",J55="DA-RFO2 HVCDP Export","High Value Export Crops (Dragon Fruit/Ube/Okra/Banana)",J55="DA-RFO2 HVCDP Coffee","Coffee (HVCDP)",J55="DA-RFO2 LIVESTOCK","Livestock (Cattle/Carabao/Swine/Poultry)",J55="DA-RFO2 SAAD","Various Commodities (SAAD)",J55="DA-RFO2 4K","Various Commodities (4Ks)",J55="DA-RFO2 4KS","Various Commodities (4Ks)",J55="DA-RFO2 HALAL","Halal Food Products",J55="DA-RFO2 OAP","Organic Agriculture",J55="DA-RFO2 NUPAP","Vegetables (NUPAP/Urban Agri)",TRUE,IF(ISNUMBER(SEARCH("FMR",D55)),"Farm-to-Market Road",IF(ISNUMBER(SEARCH("RICE",D55)),"Rice",IF(ISNUMBER(SEARCH("CORN",D55)),"Corn",IF(ISNUMBER(SEARCH("HVCDP COFFEE",D55)),"Coffee (HVCDP)",IF(ISNUMBER(SEARCH("HVCDP EXPORT",D55)),"High Value Export Crops (Dragon Fruit/Ube/Okra/Banana)",IF(ISNUMBER(SEARCH("HVCDP",D55)),"High Value Crops (Vegetables/Fruits/Rootcrops)",IF(ISNUMBER(SEARCH("LIVESTOCK",D55)),"Livestock (Cattle/Carabao/Swine/Poultry)",IF(ISNUMBER(SEARCH("SAAD",D55)),"Various Commodities (SAAD)",IF(ISNUMBER(SEARCH("4KS",D55)),"Various Commodities (4Ks)",IF(ISNUMBER(SEARCH("4K",D55)),"Various Commodities (4Ks)",IF(ISNUMBER(SEARCH("HALAL",D55)),"Halal Food Products",IF(ISNUMBER(SEARCH("OAP",D55)),"Organic Agriculture",IF(ISNUMBER(SEARCH("NUPAP",D55)),"Vegetables (NUPAP/Urban Agri)","")))))))))))))) -> Rice
A56: Region 2 | B56: Cagayan | C56: Abulug | D56: Hauling Truck (1 unit) - Rice Program | E56: 4500 | J56: DA-RFO2 Rice Program | AA56: =_xlfn.IFS(J56="DA-FMRDP","Farm-to-Market Road",J56="DA-RFO2 RICE","Rice",J56="DA-RFO2 Rice Program","Rice",J56="DA-RFO2 CORN","Corn",J56="DA-RFO2 Corn Program","Corn",J56="DA-RFO2 HVCDP","High Value Crops (Vegetables/Fruits/Rootcrops)",J56="DA-RFO2 HVCDP Export","High Value Export Crops (Dragon Fruit/Ube/Okra/Banana)",J56="DA-RFO2 HVCDP Coffee","Coffee (HVCDP)",J56="DA-RFO2 LIVESTOCK","Livestock (Cattle/Carabao/Swine/Poultry)",J56="DA-RFO2 SAAD","Various Commodities (SAAD)",J56="DA-RFO2 4K","Various Commodities (4Ks)",J56="DA-RFO2 4KS","Various Commodities (4Ks)",J56="DA-RFO2 HALAL","Halal Food Products",J56="DA-RFO2 OAP","Organic Agriculture",J56="DA-RFO2 NUPAP","Vegetables (NUPAP/Urban Agri)",TRUE,IF(ISNUMBER(SEARCH("FMR",D56)),"Farm-to-Market Road",IF(ISNUMBER(SEARCH("RICE",D56)),"Rice",IF(ISNUMBER(SEARCH("CORN",D56)),"Corn",IF(ISNUMBER(SEARCH("HVCDP COFFEE",D56)),"Coffee (HVCDP)",IF(ISNUMBER(SEARCH("HVCDP EXPORT",D56)),"High Value Export Crops (Dragon Fruit/Ube/Okra/Banana)",IF(ISNUMBER(SEARCH("HVCDP",D56)),"High Value Crops (Vegetables/Fruits/Rootcrops)",IF(ISNUMBER(SEARCH("LIVESTOCK",D56)),"Livestock (Cattle/Carabao/Swine/Poultry)",IF(ISNUMBER(SEARCH("SAAD",D56)),"Various Commodities (SAAD)",IF(ISNUMBER(SEARCH("4KS",D56)),"Various Commodities (4Ks)",IF(ISNUMBER(SEARCH("4K",D56)),"Various Commodities (4Ks)",IF(ISNUMBER(SEARCH("HALAL",D56)),"Halal Food Products",IF(ISNUMBER(SEARCH("OAP",D56)),"Organic Agriculture",IF(ISNUMBER(SEARCH("NUPAP",D56)),"Vegetables (NUPAP/Urban Agri)","")))))))))))))) -> Rice
A57: Region 2 | B57: Cagayan | C57: Abulug | D57: Hybrid Seeds and Inorganic Fertilizers - RICE | E57: 70512.042 | J57: DA-RFO2 RICE | AA57: =_xlfn.IFS(J57="DA-FMRDP","Farm-to-Market Road",J57="DA-RFO2 RICE","Rice",J57="DA-RFO2 Rice Program","Rice",J57="DA-RFO2 CORN","Corn",J57="DA-RFO2 Corn Program","Corn",J57="DA-RFO2 HVCDP","High Value Crops (Vegetables/Fruits/Rootcrops)",J57="DA-RFO2 HVCDP Export","High Value Export Crops (Dragon Fruit/Ube/Okra/Banana)",J57="DA-RFO2 HVCDP Coffee","Coffee (HVCDP)",J57="DA-RFO2 LIVESTOCK","Livestock (Cattle/Carabao/Swine/Poultry)",J57="DA-RFO2 SAAD","Various Commodities (SAAD)",J57="DA-RFO2 4K","Various Commodities (4Ks)",J57="DA-RFO2 4KS","Various Commodities (4Ks)",J57="DA-RFO2 HALAL","Halal Food Products",J57="DA-RFO2 OAP","Organic Agriculture",J57="DA-RFO2 NUPAP","Vegetables (NUPAP/Urban Agri)",TRUE,IF(ISNUMBER(SEARCH("FMR",D57)),"Farm-to-Market Road",IF(ISNUMBER(SEARCH("RICE",D57)),"Rice",IF(ISNUMBER(SEARCH("CORN",D57)),"Corn",IF(ISNUMBER(SEARCH("HVCDP COFFEE",D57)),"Coffee (HVCDP)",IF(ISNUMBER(SEARCH("HVCDP EXPORT",D57)),"High Value Export Crops (Dragon Fruit/Ube/Okra/Banana)",IF(ISNUMBER(SEARCH("HVCDP",D57)),"High Value Crops (Vegetables/Fruits/Rootcrops)",IF(ISNUMBER(SEARCH("LIVESTOCK",D57)),"Livestock (Cattle/Carabao/Swine/Poultry)",IF(ISNUMBER(SEARCH("SAAD",D57)),"Various Commodities (SAAD)",IF(ISNUMBER(SEARCH("4KS",D57)),"Various Commodities (4Ks)",IF(ISNUMBER(SEARCH("4K",D57)),"Various Commodities (4Ks)",IF(ISNUMBER(SEARCH("HALAL",D57)),"Halal Food Products",IF(ISNUMBER(SEARCH("OAP",D57)),"Organic Agriculture",IF(ISNUMBER(SEARCH("NUPAP",D57)),"Vegetables (NUPAP/Urban Agri)","")))))))))))))) -> Rice
A58: Region 2 | B58: Cagayan | C58: Abulug | D58: Inorganic Fertilizers for Inbred Rice - RICE | E58: 4663.775 | J58: DA-RFO2 RICE | AA58: =_xlfn.IFS(J58="DA-FMRDP","Farm-to-Market Road",J58="DA-RFO2 RICE","Rice",J58="DA-RFO2 Rice Program","Rice",J58="DA-RFO2 CORN","Corn",J58="DA-RFO2 Corn Program","Corn",J58="DA-RFO2 HVCDP","High Value Crops (Vegetables/Fruits/Rootcrops)",J58="DA-RFO2 HVCDP Export","High Value Export Crops (Dragon Fruit/Ube/Okra/Banana)",J58="DA-RFO2 HVCDP Coffee","Coffee (HVCDP)",J58="DA-RFO2 LIVESTOCK","Livestock (Cattle/Carabao/Swine/Poultry)",J58="DA-RFO2 SAAD","Various Commodities (SAAD)",J58="DA-RFO2 4K","Various Commodities (4Ks)",J58="DA-RFO2 4KS","Various Commodities (4Ks)",J58="DA-RFO2 HALAL","Halal Food Products",J58="DA-RFO2 OAP","Organic Agriculture",J58="DA-RFO2 NUPAP","Vegetables (NUPAP/Urban Agri)",TRUE,IF(ISNUMBER(SEARCH("FMR",D58)),"Farm-to-Market Road",IF(ISNUMBER(SEARCH("RICE",D58)),"Rice",IF(ISNUMBER(SEARCH("CORN",D58)),"Corn",IF(ISNUMBER(SEARCH("HVCDP COFFEE",D58)),"Coffee (HVCDP)",IF(ISNUMBER(SEARCH("HVCDP EXPORT",D58)),"High Value Export Crops (Dragon Fruit/Ube/Okra/Banana)",IF(ISNUMBER(SEARCH("HVCDP",D58)),"High Value Crops (Vegetables/Fruits/Rootcrops)",IF(ISNUMBER(SEARCH("LIVESTOCK",D58)),"Livestock (Cattle/Carabao/Swine/Poultry)",IF(ISNUMBER(SEARCH("SAAD",D58)),"Various Commodities (SAAD)",IF(ISNUMBER(SEARCH("4KS",D58)),"Various Commodities (4Ks)",IF(ISNUMBER(SEARCH("4K",D58)),"Various Commodities (4Ks)",IF(ISNUMBER(SEARCH("HALAL",D58)),"Halal Food Products",IF(ISNUMBER(SEARCH("OAP",D58)),"Organic Agriculture",IF(ISNUMBER(SEARCH("NUPAP",D58)),"Vegetables (NUPAP/Urban Agri)","")))))))))))))) -> Rice
A59: Region 2 | B59: Cagayan | C59: Abulug | D59: Liquid Fertizer - HVCDP | E59: 515.82 | J59: DA-RFO2 HVCDP | AA59: =_xlfn.IFS(J59="DA-FMRDP","Farm-to-Market Road",J59="DA-RFO2 RICE","Rice",J59="DA-RFO2 Rice Program","Rice",J59="DA-RFO2 CORN","Corn",J59="DA-RFO2 Corn Program","Corn",J59="DA-RFO2 HVCDP","High Value Crops (Vegetables/Fruits/Rootcrops)",J59="DA-RFO2 HVCDP Export","High Value Export Crops (Dragon Fruit/Ube/Okra/Banana)",J59="DA-RFO2 HVCDP Coffee","Coffee (HVCDP)",J59="DA-RFO2 LIVESTOCK","Livestock (Cattle/Carabao/Swine/Poultry)",J59="DA-RFO2 SAAD","Various Commodities (SAAD)",J59="DA-RFO2 4K","Various Commodities (4Ks)",J59="DA-RFO2 4KS","Various Commodities (4Ks)",J59="DA-RFO2 HALAL","Halal Food Products",J59="DA-RFO2 OAP","Organic Agriculture",J59="DA-RFO2 NUPAP","Vegetables (NUPAP/Urban Agri)",TRUE,IF(ISNUMBER(SEARCH("FMR",D59)),"Farm-to-Market Road",IF(ISNUMBER(SEARCH("RICE",D59)),"Rice",IF(ISNUMBER(SEARCH("CORN",D59)),"Corn",IF(ISNUMBER(SEARCH("HVCDP COFFEE",D59)),"Coffee (HVCDP)",IF(ISNUMBER(SEARCH("HVCDP EXPORT",D59)),"High Value Export Crops (Dragon Fruit/Ube/Okra/Banana)",IF(ISNUMBER(SEARCH("HVCDP",D59)),"High Value Crops (Vegetables/Fruits/Rootcrops)",IF(ISNUMBER(SEARCH("LIVESTOCK",D59)),"Livestock (Cattle/Carabao/Swine/Poultry)",IF(ISNUMBER(SEARCH("SAAD",D59)),"Various Commodities (SAAD)",IF(ISNUMBER(SEARCH("4KS",D59)),"Various Commodities (4Ks)",IF(ISNUMBER(SEARCH("4K",D59)),"Various Commodities (4Ks)",IF(ISNUMBER(SEARCH("HALAL",D59)),"Halal Food Products",IF(ISNUMBER(SEARCH("OAP",D59)),"Organic Agriculture",IF(ISNUMBER(SEARCH("NUPAP",D59)),"Vegetables (NUPAP/Urban Agri)","")))))))))))))) -> High Value Crops (Vegetables/Fruits/Rootcrops)
A60: Region 2 | B60: Cagayan | C60: Abulug | D60: Rice Farm Cluster Establishment - RICE | E60: 19200 | J60: DA-RFO2 RICE | AA60: =_xlfn.IFS(J60="DA-FMRDP","Farm-to-Market Road",J60="DA-RFO2 RICE","Rice",J60="DA-RFO2 Rice Program","Rice",J60="DA-RFO2 CORN","Corn",J60="DA-RFO2 Corn Program","Corn",J60="DA-RFO2 HVCDP","High Value Crops (Vegetables/Fruits/Rootcrops)",J60="DA-RFO2 HVCDP Export","High Value Export Crops (Dragon Fruit/Ube/Okra/Banana)",J60="DA-RFO2 HVCDP Coffee","Coffee (HVCDP)",J60="DA-RFO2 LIVESTOCK","Livestock (Cattle/Carabao/Swine/Poultry)",J60="DA-RFO2 SAAD","Various Commodities (SAAD)",J60="DA-RFO2 4K","Various Commodities (4Ks)",J60="DA-RFO2 4KS","Various Commodities (4Ks)",J60="DA-RFO2 HALAL","Halal Food Products",J60="DA-RFO2 OAP","Organic Agriculture",J60="DA-RFO2 NUPAP","Vegetables (NUPAP/Urban Agri)",TRUE,IF(ISNUMBER(SEARCH("FMR",D60)),"Farm-to-Market Road",IF(ISNUMBER(SEARCH("RICE",D60)),"Rice",IF(ISNUMBER(SEARCH("CORN",D60)),"Corn",IF(ISNUMBER(SEARCH("HVCDP COFFEE",D60)),"Coffee (HVCDP)",IF(ISNUMBER(SEARCH("HVCDP EXPORT",D60)),"High Value Export Crops (Dragon Fruit/Ube/Okra/Banana)",IF(ISNUMBER(SEARCH("HVCDP",D60)),"High Value Crops (Vegetables/Fruits/Rootcrops)",IF(ISNUMBER(SEARCH("LIVESTOCK",D60)),"Livestock (Cattle/Carabao/Swine/Poultry)",IF(ISNUMBER(SEARCH("SAAD",D60)),"Various Commodities (SAAD)",IF(ISNUMBER(SEARCH("4KS",D60)),"Various Commodities (4Ks)",IF(ISNUMBER(SEARCH("4K",D60)),"Various Commodities (4Ks)",IF(ISNUMBER(SEARCH("HALAL",D60)),"Halal Food Products",IF(ISNUMBER(SEARCH("OAP",D60)),"Organic Agriculture",IF(ISNUMBER(SEARCH("NUPAP",D60)),"Vegetables (NUPAP/Urban Agri)","")))))))))))))) -> Rice
A61: Region 2 | B61: Cagayan | C61: Abulug | D61: Seeds - HVCDP | E61: 1250 | J61: DA-RFO2 HVCDP | AA61: =_xlfn.IFS(J61="DA-FMRDP","Farm-to-Market Road",J61="DA-RFO2 RICE","Rice",J61="DA-RFO2 Rice Program","Rice",J61="DA-RFO2 CORN","Corn",J61="DA-RFO2 Corn Program","Corn",J61="DA-RFO2 HVCDP","High Value Crops (Vegetables/Fruits/Rootcrops)",J61="DA-RFO2 HVCDP Export","High Value Export Crops (Dragon Fruit/Ube/Okra/Banana)",J61="DA-RFO2 HVCDP Coffee","Coffee (HVCDP)",J61="DA-RFO2 LIVESTOCK","Livestock (Cattle/Carabao/Swine/Poultry)",J61="DA-RFO2 SAAD","Various Commodities (SAAD)",J61="DA-RFO2 4K","Various Commodities (4Ks)",J61="DA-RFO2 4KS","Various Commodities (4Ks)",J61="DA-RFO2 HALAL","Halal Food Products",J61="DA-RFO2 OAP","Organic Agriculture",J61="DA-RFO2 NUPAP","Vegetables (NUPAP/Urban Agri)",TRUE,IF(ISNUMBER(SEARCH("FMR",D61)),"Farm-to-Market Road",IF(ISNUMBER(SEARCH("RICE",D61)),"Rice",IF(ISNUMBER(SEARCH("CORN",D61)),"Corn",IF(ISNUMBER(SEARCH("HVCDP COFFEE",D61)),"Coffee (HVCDP)",IF(ISNUMBER(SEARCH("HVCDP EXPORT",D61)),"High Value Export Crops (Dragon Fruit/Ube/Okra/Banana)",IF(ISNUMBER(SEARCH("HVCDP",D61)),"High Value Crops (Vegetables/Fruits/Rootcrops)",IF(ISNUMBER(SEARCH("LIVESTOCK",D61)),"Livestock (Cattle/Carabao/Swine/Poultry)",IF(ISNUMBER(SEARCH("SAAD",D61)),"Various Commodities (SAAD)",IF(ISNUMBER(SEARCH("4KS",D61)),"Various Commodities (4Ks)",IF(ISNUMBER(SEARCH("4K",D61)),"Various Commodities (4Ks)",IF(ISNUMBER(SEARCH("HALAL",D61)),"Halal Food Products",IF(ISNUMBER(SEARCH("OAP",D61)),"Organic Agriculture",IF(ISNUMBER(SEARCH("NUPAP",D61)),"Vegetables (NUPAP/Urban Agri)","")))))))))))))) -> High Value Crops (Vegetables/Fruits/Rootcrops)
A62: Region 2 | B62: Cagayan | C62: Abulug | D62: YELLOW CORN PRODUCTION ENHANCEMENT PROJECT - CORN | E62: 3420 | J62: DA-RFO2 CORN | AA62: =_xlfn.IFS(J62="DA-FMRDP","Farm-to-Market Road",J62="DA-RFO2 RICE","Rice",J62="DA-RFO2 Rice Program","Rice",J62="DA-RFO2 CORN","Corn",J62="DA-RFO2 Corn Program","Corn",J62="DA-RFO2 HVCDP","High Value Crops (Vegetables/Fruits/Rootcrops)",J62="DA-RFO2 HVCDP Export","High Value Export Crops (Dragon Fruit/Ube/Okra/Banana)",J62="DA-RFO2 HVCDP Coffee","Coffee (HVCDP)",J62="DA-RFO2 LIVESTOCK","Livestock (Cattle/Carabao/Swine/Poultry)",J62="DA-RFO2 SAAD","Various Commodities (SAAD)",J62="DA-RFO2 4K","Various Commodities (4Ks)",J62="DA-RFO2 4KS","Various Commodities (4Ks)",J62="DA-RFO2 HALAL","Halal Food Products",J62="DA-RFO2 OAP","Organic Agriculture",J62="DA-RFO2 NUPAP","Vegetables (NUPAP/Urban Agri)",TRUE,IF(ISNUMBER(SEARCH("FMR",D62)),"Farm-to-Market Road",IF(ISNUMBER(SEARCH("RICE",D62)),"Rice",IF(ISNUMBER(SEARCH("CORN",D62)),"Corn",IF(ISNUMBER(SEARCH("HVCDP COFFEE",D62)),"Coffee (HVCDP)",IF(ISNUMBER(SEARCH("HVCDP EXPORT",D62)),"High Value Export Crops (Dragon Fruit/Ube/Okra/Banana)",IF(ISNUMBER(SEARCH("HVCDP",D62)),"High Value Crops (Vegetables/Fruits/Rootcrops)",IF(ISNUMBER(SEARCH("LIVESTOCK",D62)),"Livestock (Cattle/Carabao/Swine/Poultry)",IF(ISNUMBER(SEARCH("SAAD",D62)),"Various Commodities (SAAD)",IF(ISNUMBER(SEARCH("4KS",D62)),"Various Commodities (4Ks)",IF(ISNUMBER(SEARCH("4K",D62)),"Various Commodities (4Ks)",IF(ISNUMBER(SEARCH("HALAL",D62)),"Halal Food Products",IF(ISNUMBER(SEARCH("OAP",D62)),"Organic Agriculture",IF(ISNUMBER(SEARCH("NUPAP",D62)),"Vegetables (NUPAP/Urban Agri)","")))))))))))))) -> Corn
A63: Region 2 | B63: Cagayan | C63: Alcala | D63: Agricultural Lime - CORN Program | E63: 600 | J63: DA-RFO2 CORN | AA63: =_xlfn.IFS(J63="DA-FMRDP","Farm-to-Market Road",J63="DA-RFO2 RICE","Rice",J63="DA-RFO2 Rice Program","Rice",J63="DA-RFO2 CORN","Corn",J63="DA-RFO2 Corn Program","Corn",J63="DA-RFO2 HVCDP","High Value Crops (Vegetables/Fruits/Rootcrops)",J63="DA-RFO2 HVCDP Export","High Value Export Crops (Dragon Fruit/Ube/Okra/Banana)",J63="DA-RFO2 HVCDP Coffee","Coffee (HVCDP)",J63="DA-RFO2 LIVESTOCK","Livestock (Cattle/Carabao/Swine/Poultry)",J63="DA-RFO2 SAAD","Various Commodities (SAAD)",J63="DA-RFO2 4K","Various Commodities (4Ks)",J63="DA-RFO2 4KS","Various Commodities (4Ks)",J63="DA-RFO2 HALAL","Halal Food Products",J63="DA-RFO2 OAP","Organic Agriculture",J63="DA-RFO2 NUPAP","Vegetables (NUPAP/Urban Agri)",TRUE,IF(ISNUMBER(SEARCH("FMR",D63)),"Farm-to-Market Road",IF(ISNUMBER(SEARCH("RICE",D63)),"Rice",IF(ISNUMBER(SEARCH("CORN",D63)),"Corn",IF(ISNUMBER(SEARCH("HVCDP COFFEE",D63)),"Coffee (HVCDP)",IF(ISNUMBER(SEARCH("HVCDP EXPORT",D63)),"High Value Export Crops (Dragon Fruit/Ube/Okra/Banana)",IF(ISNUMBER(SEARCH("HVCDP",D63)),"High Value Crops (Vegetables/Fruits/Rootcrops)",IF(ISNUMBER(SEARCH("LIVESTOCK",D63)),"Livestock (Cattle/Carabao/Swine/Poultry)",IF(ISNUMBER(SEARCH("SAAD",D63)),"Various Commodities (SAAD)",IF(ISNUMBER(SEARCH("4KS",D63)),"Various Commodities (4Ks)",IF(ISNUMBER(SEARCH("4K",D63)),"Various Commodities (4Ks)",IF(ISNUMBER(SEARCH("HALAL",D63)),"Halal Food Products",IF(ISNUMBER(SEARCH("OAP",D63)),"Organic Agriculture",IF(ISNUMBER(SEARCH("NUPAP",D63)),"Vegetables (NUPAP/Urban Agri)","")))))))))))))) -> Corn
A64: Region 2 | B64: Cagayan | C64: Alcala | D64: Biofertilizer - CORN Program | E64: 120 | J64: DA-RFO2 CORN | AA64: =_xlfn.IFS(J64="DA-FMRDP","Farm-to-Market Road",J64="DA-RFO2 RICE","Rice",J64="DA-RFO2 Rice Program","Rice",J64="DA-RFO2 CORN","Corn",J64="DA-RFO2 Corn Program","Corn",J64="DA-RFO2 HVCDP","High Value Crops (Vegetables/Fruits/Rootcrops)",J64="DA-RFO2 HVCDP Export","High Value Export Crops (Dragon Fruit/Ube/Okra/Banana)",J64="DA-RFO2 HVCDP Coffee","Coffee (HVCDP)",J64="DA-RFO2 LIVESTOCK","Livestock (Cattle/Carabao/Swine/Poultry)",J64="DA-RFO2 SAAD","Various Commodities (SAAD)",J64="DA-RFO2 4K","Various Commodities (4Ks)",J64="DA-RFO2 4KS","Various Commodities (4Ks)",J64="DA-RFO2 HALAL","Halal Food Products",J64="DA-RFO2 OAP","Organic Agriculture",J64="DA-RFO2 NUPAP","Vegetables (NUPAP/Urban Agri)",TRUE,IF(ISNUMBER(SEARCH("FMR",D64)),"Farm-to-Market Road",IF(ISNUMBER(SEARCH("RICE",D64)),"Rice",IF(ISNUMBER(SEARCH("CORN",D64)),"Corn",IF(ISNUMBER(SEARCH("HVCDP COFFEE",D64)),"Coffee (HVCDP)",IF(ISNUMBER(SEARCH("HVCDP EXPORT",D64)),"High Value Export Crops (Dragon Fruit/Ube/Okra/Banana)",IF(ISNUMBER(SEARCH("HVCDP",D64)),"High Value Crops (Vegetables/Fruits/Rootcrops)",IF(ISNUMBER(SEARCH("LIVESTOCK",D64)),"Livestock (Cattle/Carabao/Swine/Poultry)",IF(ISNUMBER(SEARCH("SAAD",D64)),"Various Commodities (SAAD)",IF(ISNUMBER(SEARCH("4KS",D64)),"Various Commodities (4Ks)",IF(ISNUMBER(SEARCH("4K",D64)),"Various Commodities (4Ks)",IF(ISNUMBER(SEARCH("HALAL",D64)),"Halal Food Products",IF(ISNUMBER(SEARCH("OAP",D64)),"Organic Agriculture",IF(ISNUMBER(SEARCH("NUPAP",D64)),"Vegetables (NUPAP/Urban Agri)","")))))))))))))) -> Corn
A65: Region 2 | B65: Cagayan | C65: Alcala | D65: Carabao Multiplier - LIVESTOCK Program | E65: 5400 | J65: DA-RFO2 LIVESTOCK | AA65: =_xlfn.IFS(J65="DA-FMRDP","Farm-to-Market Road",J65="DA-RFO2 RICE","Rice",J65="DA-RFO2 Rice Program","Rice",J65="DA-RFO2 CORN","Corn",J65="DA-RFO2 Corn Program","Corn",J65="DA-RFO2 HVCDP","High Value Crops (Vegetables/Fruits/Rootcrops)",J65="DA-RFO2 HVCDP Export","High Value Export Crops (Dragon Fruit/Ube/Okra/Banana)",J65="DA-RFO2 HVCDP Coffee","Coffee (HVCDP)",J65="DA-RFO2 LIVESTOCK","Livestock (Cattle/Carabao/Swine/Poultry)",J65="DA-RFO2 SAAD","Various Commodities (SAAD)",J65="DA-RFO2 4K","Various Commodities (4Ks)",J65="DA-RFO2 4KS","Various Commodities (4Ks)",J65="DA-RFO2 HALAL","Halal Food Products",J65="DA-RFO2 OAP","Organic Agriculture",J65="DA-RFO2 NUPAP","Vegetables (NUPAP/Urban Agri)",TRUE,IF(ISNUMBER(SEARCH("FMR",D65)),"Farm-to-Market Road",IF(ISNUMBER(SEARCH("RICE",D65)),"Rice",IF(ISNUMBER(SEARCH("CORN",D65)),"Corn",IF(ISNUMBER(SEARCH("HVCDP COFFEE",D65)),"Coffee (HVCDP)",IF(ISNUMBER(SEARCH("HVCDP EXPORT",D65)),"High Value Export Crops (Dragon Fruit/Ube/Okra/Banana)",IF(ISNUMBER(SEARCH("HVCDP",D65)),"High Value Crops (Vegetables/Fruits/Rootcrops)",IF(ISNUMBER(SEARCH("LIVESTOCK",D65)),"Livestock (Cattle/Carabao/Swine/Poultry)",IF(ISNUMBER(SEARCH("SAAD",D65)),"Various Commodities (SAAD)",IF(ISNUMBER(SEARCH("4KS",D65)),"Various Commodities (4Ks)",IF(ISNUMBER(SEARCH("4K",D65)),"Various Commodities (4Ks)",IF(ISNUMBER(SEARCH("HALAL",D65)),"Halal Food Products",IF(ISNUMBER(SEARCH("OAP",D65)),"Organic Agriculture",IF(ISNUMBER(SEARCH("NUPAP",D65)),"Vegetables (NUPAP/Urban Agri)","")))))))))))))) -> Livestock (Cattle/Carabao/Swine/Poultry)
A66: Region 2 | B66: Cagayan | C66: Alcala | D66: Carabao Multiplier Farm under the Livestock Economic Developmet Project - LIVESTOCK | E66: 5400 | J66: DA-RFO2 LIVESTOCK | AA66: =_xlfn.IFS(J66="DA-FMRDP","Farm-to-Market Road",J66="DA-RFO2 RICE","Rice",J66="DA-RFO2 Rice Program","Rice",J66="DA-RFO2 CORN","Corn",J66="DA-RFO2 Corn Program","Corn",J66="DA-RFO2 HVCDP","High Value Crops (Vegetables/Fruits/Rootcrops)",J66="DA-RFO2 HVCDP Export","High Value Export Crops (Dragon Fruit/Ube/Okra/Banana)",J66="DA-RFO2 HVCDP Coffee","Coffee (HVCDP)",J66="DA-RFO2 LIVESTOCK","Livestock (Cattle/Carabao/Swine/Poultry)",J66="DA-RFO2 SAAD","Various Commodities (SAAD)",J66="DA-RFO2 4K","Various Commodities (4Ks)",J66="DA-RFO2 4KS","Various Commodities (4Ks)",J66="DA-RFO2 HALAL","Halal Food Products",J66="DA-RFO2 OAP","Organic Agriculture",J66="DA-RFO2 NUPAP","Vegetables (NUPAP/Urban Agri)",TRUE,IF(ISNUMBER(SEARCH("FMR",D66)),"Farm-to-Market Road",IF(ISNUMBER(SEARCH("RICE",D66)),"Rice",IF(ISNUMBER(SEARCH("CORN",D66)),"Corn",IF(ISNUMBER(SEARCH("HVCDP COFFEE",D66)),"Coffee (HVCDP)",IF(ISNUMBER(SEARCH("HVCDP EXPORT",D66)),"High Value Export Crops (Dragon Fruit/Ube/Okra/Banana)",IF(ISNUMBER(SEARCH("HVCDP",D66)),"High Value Crops (Vegetables/Fruits/Rootcrops)",IF(ISNUMBER(SEARCH("LIVESTOCK",D66)),"Livestock (Cattle/Carabao/Swine/Poultry)",IF(ISNUMBER(SEARCH("SAAD",D66)),"Various Commodities (SAAD)",IF(ISNUMBER(SEARCH("4KS",D66)),"Various Commodities (4Ks)",IF(ISNUMBER(SEARCH("4K",D66)),"Various Commodities (4Ks)",IF(ISNUMBER(SEARCH("HALAL",D66)),"Halal Food Products",IF(ISNUMBER(SEARCH("OAP",D66)),"Organic Agriculture",IF(ISNUMBER(SEARCH("NUPAP",D66)),"Vegetables (NUPAP/Urban Agri)","")))))))))))))) -> Livestock (Cattle/Carabao/Swine/Poultry)
A67: Region 2 | B67: Cagayan | C67: Alcala | D67: Concreting of Capacuan FMR, Brgy. Dalaoig, Alcala, Cagayan | F67: 15000 | J67: DA-FMRDP | AA67: =_xlfn.IFS(J67="DA-FMRDP","Farm-to-Market Road",J67="DA-RFO2 RICE","Rice",J67="DA-RFO2 Rice Program","Rice",J67="DA-RFO2 CORN","Corn",J67="DA-RFO2 Corn Program","Corn",J67="DA-RFO2 HVCDP","High Value Crops (Vegetables/Fruits/Rootcrops)",J67="DA-RFO2 HVCDP Export","High Value Export Crops (Dragon Fruit/Ube/Okra/Banana)",J67="DA-RFO2 HVCDP Coffee","Coffee (HVCDP)",J67="DA-RFO2 LIVESTOCK","Livestock (Cattle/Carabao/Swine/Poultry)",J67="DA-RFO2 SAAD","Various Commodities (SAAD)",J67="DA-RFO2 4K","Various Commodities (4Ks)",J67="DA-RFO2 4KS","Various Commodities (4Ks)",J67="DA-RFO2 HALAL","Halal Food Products",J67="DA-RFO2 OAP","Organic Agriculture",J67="DA-RFO2 NUPAP","Vegetables (NUPAP/Urban Agri)",TRUE,IF(ISNUMBER(SEARCH("FMR",D67)),"Farm-to-Market Road",IF(ISNUMBER(SEARCH("RICE",D67)),"Rice",IF(ISNUMBER(SEARCH("CORN",D67)),"Corn",IF(ISNUMBER(SEARCH("HVCDP COFFEE",D67)),"Coffee (HVCDP)",IF(ISNUMBER(SEARCH("HVCDP EXPORT",D67)),"High Value Export Crops (Dragon Fruit/Ube/Okra/Banana)",IF(ISNUMBER(SEARCH("HVCDP",D67)),"High Value Crops (Vegetables/Fruits/Rootcrops)",IF(ISNUMBER(SEARCH("LIVESTOCK",D67)),"Livestock (Cattle/Carabao/Swine/Poultry)",IF(ISNUMBER(SEARCH("SAAD",D67)),"Various Commodities (SAAD)",IF(ISNUMBER(SEARCH("4KS",D67)),"Various Commodities (4Ks)",IF(ISNUMBER(SEARCH("4K",D67)),"Various Commodities (4Ks)",IF(ISNUMBER(SEARCH("HALAL",D67)),"Halal Food Products",IF(ISNUMBER(SEARCH("OAP",D67)),"Organic Agriculture",IF(ISNUMBER(SEARCH("NUPAP",D67)),"Vegetables (NUPAP/Urban Agri)","")))))))))))))) -> Farm-to-Market Road
A68: Region 2 | B68: Cagayan | C68: Alcala | D68: Concreting of Damurog FMR, Brgy. Damurog, Alcala, Cagayan | F68: 16500 | J68: DA-FMRDP | AA68: =_xlfn.IFS(J68="DA-FMRDP","Farm-to-Market Road",J68="DA-RFO2 RICE","Rice",J68="DA-RFO2 Rice Program","Rice",J68="DA-RFO2 CORN","Corn",J68="DA-RFO2 Corn Program","Corn",J68="DA-RFO2 HVCDP","High Value Crops (Vegetables/Fruits/Rootcrops)",J68="DA-RFO2 HVCDP Export","High Value Export Crops (Dragon Fruit/Ube/Okra/Banana)",J68="DA-RFO2 HVCDP Coffee","Coffee (HVCDP)",J68="DA-RFO2 LIVESTOCK","Livestock (Cattle/Carabao/Swine/Poultry)",J68="DA-RFO2 SAAD","Various Commodities (SAAD)",J68="DA-RFO2 4K","Various Commodities (4Ks)",J68="DA-RFO2 4KS","Various Commodities (4Ks)",J68="DA-RFO2 HALAL","Halal Food Products",J68="DA-RFO2 OAP","Organic Agriculture",J68="DA-RFO2 NUPAP","Vegetables (NUPAP/Urban Agri)",TRUE,IF(ISNUMBER(SEARCH("FMR",D68)),"Farm-to-Market Road",IF(ISNUMBER(SEARCH("RICE",D68)),"Rice",IF(ISNUMBER(SEARCH("CORN",D68)),"Corn",IF(ISNUMBER(SEARCH("HVCDP COFFEE",D68)),"Coffee (HVCDP)",IF(ISNUMBER(SEARCH("HVCDP EXPORT",D68)),"High Value Export Crops (Dragon Fruit/Ube/Okra/Banana)",IF(ISNUMBER(SEARCH("HVCDP",D68)),"High Value Crops (Vegetables/Fruits/Rootcrops)",IF(ISNUMBER(SEARCH("LIVESTOCK",D68)),"Livestock (Cattle/Carabao/Swine/Poultry)",IF(ISNUMBER(SEARCH("SAAD",D68)),"Various Commodities (SAAD)",IF(ISNUMBER(SEARCH("4KS",D68)),"Various Commodities (4Ks)",IF(ISNUMBER(SEARCH("4K",D68)),"Various Commodities (4Ks)",IF(ISNUMBER(SEARCH("HALAL",D68)),"Halal Food Products",IF(ISNUMBER(SEARCH("OAP",D68)),"Organic Agriculture",IF(ISNUMBER(SEARCH("NUPAP",D68)),"Vegetables (NUPAP/Urban Agri)","")))))))))))))) -> Farm-to-Market Road
A69: Region 2 | B69: Cagayan | C69: Alcala | D69: Concreting of Dublon-Callao FMR, Brgy. San Esteban, Alcala, Cagayan | F69: 39900 | J69: DA-FMRDP | AA69: =_xlfn.IFS(J69="DA-FMRDP","Farm-to-Market Road",J69="DA-RFO2 RICE","Rice",J69="DA-RFO2 Rice Program","Rice",J69="DA-RFO2 CORN","Corn",J69="DA-RFO2 Corn Program","Corn",J69="DA-RFO2 HVCDP","High Value Crops (Vegetables/Fruits/Rootcrops)",J69="DA-RFO2 HVCDP Export","High Value Export Crops (Dragon Fruit/Ube/Okra/Banana)",J69="DA-RFO2 HVCDP Coffee","Coffee (HVCDP)",J69="DA-RFO2 LIVESTOCK","Livestock (Cattle/Carabao/Swine/Poultry)",J69="DA-RFO2 SAAD","Various Commodities (SAAD)",J69="DA-RFO2 4K","Various Commodities (4Ks)",J69="DA-RFO2 4KS","Various Commodities (4Ks)",J69="DA-RFO2 HALAL","Halal Food Products",J69="DA-RFO2 OAP","Organic Agriculture",J69="DA-RFO2 NUPAP","Vegetables (NUPAP/Urban Agri)",TRUE,IF(ISNUMBER(SEARCH("FMR",D69)),"Farm-to-Market Road",IF(ISNUMBER(SEARCH("RICE",D69)),"Rice",IF(ISNUMBER(SEARCH("CORN",D69)),"Corn",IF(ISNUMBER(SEARCH("HVCDP COFFEE",D69)),"Coffee (HVCDP)",IF(ISNUMBER(SEARCH("HVCDP EXPORT",D69)),"High Value Export Crops (Dragon Fruit/Ube/Okra/Banana)",IF(ISNUMBER(SEARCH("HVCDP",D69)),"High Value Crops (Vegetables/Fruits/Rootcrops)",IF(ISNUMBER(SEARCH("LIVESTOCK",D69)),"Livestock (Cattle/Carabao/Swine/Poultry)",IF(ISNUMBER(SEARCH("SAAD",D69)),"Various Commodities (SAAD)",IF(ISNUMBER(SEARCH("4KS",D69)),"Various Commodities (4Ks)",IF(ISNUMBER(SEARCH("4K",D69)),"Various Commodities (4Ks)",IF(ISNUMBER(SEARCH("HALAL",D69)),"Halal Food Products",IF(ISNUMBER(SEARCH("OAP",D69)),"Organic Agriculture",IF(ISNUMBER(SEARCH("NUPAP",D69)),"Vegetables (NUPAP/Urban Agri)","")))))))))))))) -> Farm-to-Market Road
A70: Region 2 | B70: Cagayan | C70: Alcala | D70: Concreting of Malamban FMR, Brgy. Dalaoig, Alcala, Cagayan | F70: 25800 | J70: DA-FMRDP | AA70: =_xlfn.IFS(J70="DA-FMRDP","Farm-to-Market Road",J70="DA-RFO2 RICE","Rice",J70="DA-RFO2 Rice Program","Rice",J70="DA-RFO2 CORN","Corn",J70="DA-RFO2 Corn Program","Corn",J70="DA-RFO2 HVCDP","High Value Crops (Vegetables/Fruits/Rootcrops)",J70="DA-RFO2 HVCDP Export","High Value Export Crops (Dragon Fruit/Ube/Okra/Banana)",J70="DA-RFO2 HVCDP Coffee","Coffee (HVCDP)",J70="DA-RFO2 LIVESTOCK","Livestock (Cattle/Carabao/Swine/Poultry)",J70="DA-RFO2 SAAD","Various Commodities (SAAD)",J70="DA-RFO2 4K","Various Commodities (4Ks)",J70="DA-RFO2 4KS","Various Commodities (4Ks)",J70="DA-RFO2 HALAL","Halal Food Products",J70="DA-RFO2 OAP","Organic Agriculture",J70="DA-RFO2 NUPAP","Vegetables (NUPAP/Urban Agri)",TRUE,IF(ISNUMBER(SEARCH("FMR",D70)),"Farm-to-Market Road",IF(ISNUMBER(SEARCH("RICE",D70)),"Rice",IF(ISNUMBER(SEARCH("CORN",D70)),"Corn",IF(ISNUMBER(SEARCH("HVCDP COFFEE",D70)),"Coffee (HVCDP)",IF(ISNUMBER(SEARCH("HVCDP EXPORT",D70)),"High Value Export Crops (Dragon Fruit/Ube/Okra/Banana)",IF(ISNUMBER(SEARCH("HVCDP",D70)),"High Value Crops (Vegetables/Fruits/Rootcrops)",IF(ISNUMBER(SEARCH("LIVESTOCK",D70)),"Livestock (Cattle/Carabao/Swine/Poultry)",IF(ISNUMBER(SEARCH("SAAD",D70)),"Various Commodities (SAAD)",IF(ISNUMBER(SEARCH("4KS",D70)),"Various Commodities (4Ks)",IF(ISNUMBER(SEARCH("4K",D70)),"Various Commodities (4Ks)",IF(ISNUMBER(SEARCH("HALAL",D70)),"Halal Food Products",IF(ISNUMBER(SEARCH("OAP",D70)),"Organic Agriculture",IF(ISNUMBER(SEARCH("NUPAP",D70)),"Vegetables (NUPAP/Urban Agri)","")))))))))))))) -> Farm-to-Market Road
A71: Region 2 | B71: Cagayan | C71: Alcala | D71: Concreting of Pagbangkeruan-Damurog FMR, Brgy. Pagbangkeruan, Alcala, Cagayan | F71: 28800 | J71: DA-FMRDP | AA71: =_xlfn.IFS(J71="DA-FMRDP","Farm-to-Market Road",J71="DA-RFO2 RICE","Rice",J71="DA-RFO2 Rice Program","Rice",J71="DA-RFO2 CORN","Corn",J71="DA-RFO2 Corn Program","Corn",J71="DA-RFO2 HVCDP","High Value Crops (Vegetables/Fruits/Rootcrops)",J71="DA-RFO2 HVCDP Export","High Value Export Crops (Dragon Fruit/Ube/Okra/Banana)",J71="DA-RFO2 HVCDP Coffee","Coffee (HVCDP)",J71="DA-RFO2 LIVESTOCK","Livestock (Cattle/Carabao/Swine/Poultry)",J71="DA-RFO2 SAAD","Various Commodities (SAAD)",J71="DA-RFO2 4K","Various Commodities (4Ks)",J71="DA-RFO2 4KS","Various Commodities (4Ks)",J71="DA-RFO2 HALAL","Halal Food Products",J71="DA-RFO2 OAP","Organic Agriculture",J71="DA-RFO2 NUPAP","Vegetables (NUPAP/Urban Agri)",TRUE,IF(ISNUMBER(SEARCH("FMR",D71)),"Farm-to-Market Road",IF(ISNUMBER(SEARCH("RICE",D71)),"Rice",IF(ISNUMBER(SEARCH("CORN",D71)),"Corn",IF(ISNUMBER(SEARCH("HVCDP COFFEE",D71)),"Coffee (HVCDP)",IF(ISNUMBER(SEARCH("HVCDP EXPORT",D71)),"High Value Export Crops (Dragon Fruit/Ube/Okra/Banana)",IF(ISNUMBER(SEARCH("HVCDP",D71)),"High Value Crops (Vegetables/Fruits/Rootcrops)",IF(ISNUMBER(SEARCH("LIVESTOCK",D71)),"Livestock (Cattle/Carabao/Swine/Poultry)",IF(ISNUMBER(SEARCH("SAAD",D71)),"Various Commodities (SAAD)",IF(ISNUMBER(SEARCH("4KS",D71)),"Various Commodities (4Ks)",IF(ISNUMBER(SEARCH("4K",D71)),"Various Commodities (4Ks)",IF(ISNUMBER(SEARCH("HALAL",D71)),"Halal Food Products",IF(ISNUMBER(SEARCH("OAP",D71)),"Organic Agriculture",IF(ISNUMBER(SEARCH("NUPAP",D71)),"Vegetables (NUPAP/Urban Agri)","")))))))))))))) -> Farm-to-Market Road
A72: Region 2 | B72: Cagayan | C72: Alcala | D72: Concreting of Pared- Agani FMR, Brgy. Pared and Brgy. Agani, Alcala, Cagayan | F72: 31950 | J72: DA-FMRDP | AA72: =_xlfn.IFS(J72="DA-FMRDP","Farm-to-Market Road",J72="DA-RFO2 RICE","Rice",J72="DA-RFO2 Rice Program","Rice",J72="DA-RFO2 CORN","Corn",J72="DA-RFO2 Corn Program","Corn",J72="DA-RFO2 HVCDP","High Value Crops (Vegetables/Fruits/Rootcrops)",J72="DA-RFO2 HVCDP Export","High Value Export Crops (Dragon Fruit/Ube/Okra/Banana)",J72="DA-RFO2 HVCDP Coffee","Coffee (HVCDP)",J72="DA-RFO2 LIVESTOCK","Livestock (Cattle/Carabao/Swine/Poultry)",J72="DA-RFO2 SAAD","Various Commodities (SAAD)",J72="DA-RFO2 4K","Various Commodities (4Ks)",J72="DA-RFO2 4KS","Various Commodities (4Ks)",J72="DA-RFO2 HALAL","Halal Food Products",J72="DA-RFO2 OAP","Organic Agriculture",J72="DA-RFO2 NUPAP","Vegetables (NUPAP/Urban Agri)",TRUE,IF(ISNUMBER(SEARCH("FMR",D72)),"Farm-to-Market Road",IF(ISNUMBER(SEARCH("RICE",D72)),"Rice",IF(ISNUMBER(SEARCH("CORN",D72)),"Corn",IF(ISNUMBER(SEARCH("HVCDP COFFEE",D72)),"Coffee (HVCDP)",IF(ISNUMBER(SEARCH("HVCDP EXPORT",D72)),"High Value Export Crops (Dragon Fruit/Ube/Okra/Banana)",IF(ISNUMBER(SEARCH("HVCDP",D72)),"High Value Crops (Vegetables/Fruits/Rootcrops)",IF(ISNUMBER(SEARCH("LIVESTOCK",D72)),"Livestock (Cattle/Carabao/Swine/Poultry)",IF(ISNUMBER(SEARCH("SAAD",D72)),"Various Commodities (SAAD)",IF(ISNUMBER(SEARCH("4KS",D72)),"Various Commodities (4Ks)",IF(ISNUMBER(SEARCH("4K",D72)),"Various Commodities (4Ks)",IF(ISNUMBER(SEARCH("HALAL",D72)),"Halal Food Products",IF(ISNUMBER(SEARCH("OAP",D72)),"Organic Agriculture",IF(ISNUMBER(SEARCH("NUPAP",D72)),"Vegetables (NUPAP/Urban Agri)","")))))))))))))) -> Farm-to-Market Road
A73: Region 2 | B73: Cagayan | C73: Alcala | D73: Concreting of Sitio Banal FMR, Brgy. Dalaoig, Alcala, Cagayan | F73: 16500 | J73: DA-FMRDP | AA73: =_xlfn.IFS(J73="DA-FMRDP","Farm-to-Market Road",J73="DA-RFO2 RICE","Rice",J73="DA-RFO2 Rice Program","Rice",J73="DA-RFO2 CORN","Corn",J73="DA-RFO2 Corn Program","Corn",J73="DA-RFO2 HVCDP","High Value Crops (Vegetables/Fruits/Rootcrops)",J73="DA-RFO2 HVCDP Export","High Value Export Crops (Dragon Fruit/Ube/Okra/Banana)",J73="DA-RFO2 HVCDP Coffee","Coffee (HVCDP)",J73="DA-RFO2 LIVESTOCK","Livestock (Cattle/Carabao/Swine/Poultry)",J73="DA-RFO2 SAAD","Various Commodities (SAAD)",J73="DA-RFO2 4K","Various Commodities (4Ks)",J73="DA-RFO2 4KS","Various Commodities (4Ks)",J73="DA-RFO2 HALAL","Halal Food Products",J73="DA-RFO2 OAP","Organic Agriculture",J73="DA-RFO2 NUPAP","Vegetables (NUPAP/Urban Agri)",TRUE,IF(ISNUMBER(SEARCH("FMR",D73)),"Farm-to-Market Road",IF(ISNUMBER(SEARCH("RICE",D73)),"Rice",IF(ISNUMBER(SEARCH("CORN",D73)),"Corn",IF(ISNUMBER(SEARCH("HVCDP COFFEE",D73)),"Coffee (HVCDP)",IF(ISNUMBER(SEARCH("HVCDP EXPORT",D73)),"High Value Export Crops (Dragon Fruit/Ube/Okra/Banana)",IF(ISNUMBER(SEARCH("HVCDP",D73)),"High Value Crops (Vegetables/Fruits/Rootcrops)",IF(ISNUMBER(SEARCH("LIVESTOCK",D73)),"Livestock (Cattle/Carabao/Swine/Poultry)",IF(ISNUMBER(SEARCH("SAAD",D73)),"Various Commodities (SAAD)",IF(ISNUMBER(SEARCH("4KS",D73)),"Various Commodities (4Ks)",IF(ISNUMBER(SEARCH("4K",D73)),"Various Commodities (4Ks)",IF(ISNUMBER(SEARCH("HALAL",D73)),"Halal Food Products",IF(ISNUMBER(SEARCH("OAP",D73)),"Organic Agriculture",IF(ISNUMBER(SEARCH("NUPAP",D73)),"Vegetables (NUPAP/Urban Agri)","")))))))))))))) -> Farm-to-Market Road
A74: Region 2 | B74: Cagayan | C74: Alcala | D74: Concreting of Sitio Bulbulala FMR, Brgy. Dalaoig, Alcala, Cagayan | F74: 15000 | J74: DA-FMRDP | AA74: =_xlfn.IFS(J74="DA-FMRDP","Farm-to-Market Road",J74="DA-RFO2 RICE","Rice",J74="DA-RFO2 Rice Program","Rice",J74="DA-RFO2 CORN","Corn",J74="DA-RFO2 Corn Program","Corn",J74="DA-RFO2 HVCDP","High Value Crops (Vegetables/Fruits/Rootcrops)",J74="DA-RFO2 HVCDP Export","High Value Export Crops (Dragon Fruit/Ube/Okra/Banana)",J74="DA-RFO2 HVCDP Coffee","Coffee (HVCDP)",J74="DA-RFO2 LIVESTOCK","Livestock (Cattle/Carabao/Swine/Poultry)",J74="DA-RFO2 SAAD","Various Commodities (SAAD)",J74="DA-RFO2 4K","Various Commodities (4Ks)",J74="DA-RFO2 4KS","Various Commodities (4Ks)",J74="DA-RFO2 HALAL","Halal Food Products",J74="DA-RFO2 OAP","Organic Agriculture",J74="DA-RFO2 NUPAP","Vegetables (NUPAP/Urban Agri)",TRUE,IF(ISNUMBER(SEARCH("FMR",D74)),"Farm-to-Market Road",IF(ISNUMBER(SEARCH("RICE",D74)),"Rice",IF(ISNUMBER(SEARCH("CORN",D74)),"Corn",IF(ISNUMBER(SEARCH("HVCDP COFFEE",D74)),"Coffee (HVCDP)",IF(ISNUMBER(SEARCH("HVCDP EXPORT",D74)),"High Value Export Crops (Dragon Fruit/Ube/Okra/Banana)",IF(ISNUMBER(SEARCH("HVCDP",D74)),"High Value Crops (Vegetables/Fruits/Rootcrops)",IF(ISNUMBER(SEARCH("LIVESTOCK",D74)),"Livestock (Cattle/Carabao/Swine/Poultry)",IF(ISNUMBER(SEARCH("SAAD",D74)),"Various Commodities (SAAD)",IF(ISNUMBER(SEARCH("4KS",D74)),"Various Commodities (4Ks)",IF(ISNUMBER(SEARCH("4K",D74)),"Various Commodities (4Ks)",IF(ISNUMBER(SEARCH("HALAL",D74)),"Halal Food Products",IF(ISNUMBER(SEARCH("OAP",D74)),"Organic Agriculture",IF(ISNUMBER(SEARCH("NUPAP",D74)),"Vegetables (NUPAP/Urban Agri)","")))))))))))))) -> Farm-to-Market Road
A75: Region 2 | B75: Cagayan | C75: Alcala | D75: Hybrid (GM) - CORN Program | E75: 5915 | F75: 93275 | J75: DA-RFO2 CORN | AA75: =_xlfn.IFS(J75="DA-FMRDP","Farm-to-Market Road",J75="DA-RFO2 RICE","Rice",J75="DA-RFO2 Rice Program","Rice",J75="DA-RFO2 CORN","Corn",J75="DA-RFO2 Corn Program","Corn",J75="DA-RFO2 HVCDP","High Value Crops (Vegetables/Fruits/Rootcrops)",J75="DA-RFO2 HVCDP Export","High Value Export Crops (Dragon Fruit/Ube/Okra/Banana)",J75="DA-RFO2 HVCDP Coffee","Coffee (HVCDP)",J75="DA-RFO2 LIVESTOCK","Livestock (Cattle/Carabao/Swine/Poultry)",J75="DA-RFO2 SAAD","Various Commodities (SAAD)",J75="DA-RFO2 4K","Various Commodities (4Ks)",J75="DA-RFO2 4KS","Various Commodities (4Ks)",J75="DA-RFO2 HALAL","Halal Food Products",J75="DA-RFO2 OAP","Organic Agriculture",J75="DA-RFO2 NUPAP","Vegetables (NUPAP/Urban Agri)",TRUE,IF(ISNUMBER(SEARCH("FMR",D75)),"Farm-to-Market Road",IF(ISNUMBER(SEARCH("RICE",D75)),"Rice",IF(ISNUMBER(SEARCH("CORN",D75)),"Corn",IF(ISNUMBER(SEARCH("HVCDP COFFEE",D75)),"Coffee (HVCDP)",IF(ISNUMBER(SEARCH("HVCDP EXPORT",D75)),"High Value Export Crops (Dragon Fruit/Ube/Okra/Banana)",IF(ISNUMBER(SEARCH("HVCDP",D75)),"High Value Crops (Vegetables/Fruits/Rootcrops)",IF(ISNUMBER(SEARCH("LIVESTOCK",D75)),"Livestock (Cattle/Carabao/Swine/Poultry)",IF(ISNUMBER(SEARCH("SAAD",D75)),"Various Commodities (SAAD)",IF(ISNUMBER(SEARCH("4KS",D75)),"Various Commodities (4Ks)",IF(ISNUMBER(SEARCH("4K",D75)),"Various Commodities (4Ks)",IF(ISNUMBER(SEARCH("HALAL",D75)),"Halal Food Products",IF(ISNUMBER(SEARCH("OAP",D75)),"Organic Agriculture",IF(ISNUMBER(SEARCH("NUPAP",D75)),"Vegetables (NUPAP/Urban Agri)","")))))))))))))) -> Corn
A76: Region 2 | B76: Cagayan | C76: Alcala | D76: Hybrid Seeds and Inorganic Fertilizers - RICE | E76: 47074.145 | J76: DA-RFO2 RICE | AA76: =_xlfn.IFS(J76="DA-FMRDP","Farm-to-Market Road",J76="DA-RFO2 RICE","Rice",J76="DA-RFO2 Rice Program","Rice",J76="DA-RFO2 CORN","Corn",J76="DA-RFO2 Corn Program","Corn",J76="DA-RFO2 HVCDP","High Value Crops (Vegetables/Fruits/Rootcrops)",J76="DA-RFO2 HVCDP Export","High Value Export Crops (Dragon Fruit/Ube/Okra/Banana)",J76="DA-RFO2 HVCDP Coffee","Coffee (HVCDP)",J76="DA-RFO2 LIVESTOCK","Livestock (Cattle/Carabao/Swine/Poultry)",J76="DA-RFO2 SAAD","Various Commodities (SAAD)",J76="DA-RFO2 4K","Various Commodities (4Ks)",J76="DA-RFO2 4KS","Various Commodities (4Ks)",J76="DA-RFO2 HALAL","Halal Food Products",J76="DA-RFO2 OAP","Organic Agriculture",J76="DA-RFO2 NUPAP","Vegetables (NUPAP/Urban Agri)",TRUE,IF(ISNUMBER(SEARCH("FMR",D76)),"Farm-to-Market Road",IF(ISNUMBER(SEARCH("RICE",D76)),"Rice",IF(ISNUMBER(SEARCH("CORN",D76)),"Corn",IF(ISNUMBER(SEARCH("HVCDP COFFEE",D76)),"Coffee (HVCDP)",IF(ISNUMBER(SEARCH("HVCDP EXPORT",D76)),"High Value Export Crops (Dragon Fruit/Ube/Okra/Banana)",IF(ISNUMBER(SEARCH("HVCDP",D76)),"High Value Crops (Vegetables/Fruits/Rootcrops)",IF(ISNUMBER(SEARCH("LIVESTOCK",D76)),"Livestock (Cattle/Carabao/Swine/Poultry)",IF(ISNUMBER(SEARCH("SAAD",D76)),"Various Commodities (SAAD)",IF(ISNUMBER(SEARCH("4KS",D76)),"Various Commodities (4Ks)",IF(ISNUMBER(SEARCH("4K",D76)),"Various Commodities (4Ks)",IF(ISNUMBER(SEARCH("HALAL",D76)),"Halal Food Products",IF(ISNUMBER(SEARCH("OAP",D76)),"Organic Agriculture",IF(ISNUMBER(SEARCH("NUPAP",D76)),"Vegetables (NUPAP/Urban Agri)","")))))))))))))) -> Rice
A77: Region 2 | B77: Cagayan | C77: Alcala | D77: Inorganic Fertilizer - CORN Program | E77: 2200 | J77: DA-RFO2 CORN | AA77: =_xlfn.IFS(J77="DA-FMRDP","Farm-to-Market Road",J77="DA-RFO2 RICE","Rice",J77="DA-RFO2 Rice Program","Rice",J77="DA-RFO2 CORN","Corn",J77="DA-RFO2 Corn Program","Corn",J77="DA-RFO2 HVCDP","High Value Crops (Vegetables/Fruits/Rootcrops)",J77="DA-RFO2 HVCDP Export","High Value Export Crops (Dragon Fruit/Ube/Okra/Banana)",J77="DA-RFO2 HVCDP Coffee","Coffee (HVCDP)",J77="DA-RFO2 LIVESTOCK","Livestock (Cattle/Carabao/Swine/Poultry)",J77="DA-RFO2 SAAD","Various Commodities (SAAD)",J77="DA-RFO2 4K","Various Commodities (4Ks)",J77="DA-RFO2 4KS","Various Commodities (4Ks)",J77="DA-RFO2 HALAL","Halal Food Products",J77="DA-RFO2 OAP","Organic Agriculture",J77="DA-RFO2 NUPAP","Vegetables (NUPAP/Urban Agri)",TRUE,IF(ISNUMBER(SEARCH("FMR",D77)),"Farm-to-Market Road",IF(ISNUMBER(SEARCH("RICE",D77)),"Rice",IF(ISNUMBER(SEARCH("CORN",D77)),"Corn",IF(ISNUMBER(SEARCH("HVCDP COFFEE",D77)),"Coffee (HVCDP)",IF(ISNUMBER(SEARCH("HVCDP EXPORT",D77)),"High Value Export Crops (Dragon Fruit/Ube/Okra/Banana)",IF(ISNUMBER(SEARCH("HVCDP",D77)),"High Value Crops (Vegetables/Fruits/Rootcrops)",IF(ISNUMBER(SEARCH("LIVESTOCK",D77)),"Livestock (Cattle/Carabao/Swine/Poultry)",IF(ISNUMBER(SEARCH("SAAD",D77)),"Various Commodities (SAAD)",IF(ISNUMBER(SEARCH("4KS",D77)),"Various Commodities (4Ks)",IF(ISNUMBER(SEARCH("4K",D77)),"Various Commodities (4Ks)",IF(ISNUMBER(SEARCH("HALAL",D77)),"Halal Food Products",IF(ISNUMBER(SEARCH("OAP",D77)),"Organic Agriculture",IF(ISNUMBER(SEARCH("NUPAP",D77)),"Vegetables (NUPAP/Urban Agri)","")))))))))))))) -> Corn
A78: Region 2 | B78: Cagayan | C78: Alcala | D78: Inorganic Fertilizers for Inbred Rice - RICE | E78: 3113.5564 | J78: DA-RFO2 RICE | AA78: =_xlfn.IFS(J78="DA-FMRDP","Farm-to-Market Road",J78="DA-RFO2 RICE","Rice",J78="DA-RFO2 Rice Program","Rice",J78="DA-RFO2 CORN","Corn",J78="DA-RFO2 Corn Program","Corn",J78="DA-RFO2 HVCDP","High Value Crops (Vegetables/Fruits/Rootcrops)",J78="DA-RFO2 HVCDP Export","High Value Export Crops (Dragon Fruit/Ube/Okra/Banana)",J78="DA-RFO2 HVCDP Coffee","Coffee (HVCDP)",J78="DA-RFO2 LIVESTOCK","Livestock (Cattle/Carabao/Swine/Poultry)",J78="DA-RFO2 SAAD","Various Commodities (SAAD)",J78="DA-RFO2 4K","Various Commodities (4Ks)",J78="DA-RFO2 4KS","Various Commodities (4Ks)",J78="DA-RFO2 HALAL","Halal Food Products",J78="DA-RFO2 OAP","Organic Agriculture",J78="DA-RFO2 NUPAP","Vegetables (NUPAP/Urban Agri)",TRUE,IF(ISNUMBER(SEARCH("FMR",D78)),"Farm-to-Market Road",IF(ISNUMBER(SEARCH("RICE",D78)),"Rice",IF(ISNUMBER(SEARCH("CORN",D78)),"Corn",IF(ISNUMBER(SEARCH("HVCDP COFFEE",D78)),"Coffee (HVCDP)",IF(ISNUMBER(SEARCH("HVCDP EXPORT",D78)),"High Value Export Crops (Dragon Fruit/Ube/Okra/Banana)",IF(ISNUMBER(SEARCH("HVCDP",D78)),"High Value Crops (Vegetables/Fruits/Rootcrops)",IF(ISNUMBER(SEARCH("LIVESTOCK",D78)),"Livestock (Cattle/Carabao/Swine/Poultry)",IF(ISNUMBER(SEARCH("SAAD",D78)),"Various Commodities (SAAD)",IF(ISNUMBER(SEARCH("4KS",D78)),"Various Commodities (4Ks)",IF(ISNUMBER(SEARCH("4K",D78)),"Various Commodities (4Ks)",IF(ISNUMBER(SEARCH("HALAL",D78)),"Halal Food Products",IF(ISNUMBER(SEARCH("OAP",D78)),"Organic Agriculture",IF(ISNUMBER(SEARCH("NUPAP",D78)),"Vegetables (NUPAP/Urban Agri)","")))))))))))))) -> Rice
A79: Region 2 | B79: Cagayan | C79: Alcala | D79: Inorganic Fertizer - HVCDP | E79: 318.75 | J79: DA-RFO2 HVCDP | AA79: =_xlfn.IFS(J79="DA-FMRDP","Farm-to-Market Road",J79="DA-RFO2 RICE","Rice",J79="DA-RFO2 Rice Program","Rice",J79="DA-RFO2 CORN","Corn",J79="DA-RFO2 Corn Program","Corn",J79="DA-RFO2 HVCDP","High Value Crops (Vegetables/Fruits/Rootcrops)",J79="DA-RFO2 HVCDP Export","High Value Export Crops (Dragon Fruit/Ube/Okra/Banana)",J79="DA-RFO2 HVCDP Coffee","Coffee (HVCDP)",J79="DA-RFO2 LIVESTOCK","Livestock (Cattle/Carabao/Swine/Poultry)",J79="DA-RFO2 SAAD","Various Commodities (SAAD)",J79="DA-RFO2 4K","Various Commodities (4Ks)",J79="DA-RFO2 4KS","Various Commodities (4Ks)",J79="DA-RFO2 HALAL","Halal Food Products",J79="DA-RFO2 OAP","Organic Agriculture",J79="DA-RFO2 NUPAP","Vegetables (NUPAP/Urban Agri)",TRUE,IF(ISNUMBER(SEARCH("FMR",D79)),"Farm-to-Market Road",IF(ISNUMBER(SEARCH("RICE",D79)),"Rice",IF(ISNUMBER(SEARCH("CORN",D79)),"Corn",IF(ISNUMBER(SEARCH("HVCDP COFFEE",D79)),"Coffee (HVCDP)",IF(ISNUMBER(SEARCH("HVCDP EXPORT",D79)),"High Value Export Crops (Dragon Fruit/Ube/Okra/Banana)",IF(ISNUMBER(SEARCH("HVCDP",D79)),"High Value Crops (Vegetables/Fruits/Rootcrops)",IF(ISNUMBER(SEARCH("LIVESTOCK",D79)),"Livestock (Cattle/Carabao/Swine/Poultry)",IF(ISNUMBER(SEARCH("SAAD",D79)),"Various Commodities (SAAD)",IF(ISNUMBER(SEARCH("4KS",D79)),"Various Commodities (4Ks)",IF(ISNUMBER(SEARCH("4K",D79)),"Various Commodities (4Ks)",IF(ISNUMBER(SEARCH("HALAL",D79)),"Halal Food Products",IF(ISNUMBER(SEARCH("OAP",D79)),"Organic Agriculture",IF(ISNUMBER(SEARCH("NUPAP",D79)),"Vegetables (NUPAP/Urban Agri)","")))))))))))))) -> High Value Crops (Vegetables/Fruits/Rootcrops)
A80: Region 2 | B80: Cagayan | C80: Alcala | D80: MCDP with Shed (1 unit) - Rice Program | E80: 1100 | J80: DA-RFO2 Rice Program | AA80: =_xlfn.IFS(J80="DA-FMRDP","Farm-to-Market Road",J80="DA-RFO2 RICE","Rice",J80="DA-RFO2 Rice Program","Rice",J80="DA-RFO2 CORN","Corn",J80="DA-RFO2 Corn Program","Corn",J80="DA-RFO2 HVCDP","High Value Crops (Vegetables/Fruits/Rootcrops)",J80="DA-RFO2 HVCDP Export","High Value Export Crops (Dragon Fruit/Ube/Okra/Banana)",J80="DA-RFO2 HVCDP Coffee","Coffee (HVCDP)",J80="DA-RFO2 LIVESTOCK","Livestock (Cattle/Carabao/Swine/Poultry)",J80="DA-RFO2 SAAD","Various Commodities (SAAD)",J80="DA-RFO2 4K","Various Commodities (4Ks)",J80="DA-RFO2 4KS","Various Commodities (4Ks)",J80="DA-RFO2 HALAL","Halal Food Products",J80="DA-RFO2 OAP","Organic Agriculture",J80="DA-RFO2 NUPAP","Vegetables (NUPAP/Urban Agri)",TRUE,IF(ISNUMBER(SEARCH("FMR",D80)),"Farm-to-Market Road",IF(ISNUMBER(SEARCH("RICE",D80)),"Rice",IF(ISNUMBER(SEARCH("CORN",D80)),"Corn",IF(ISNUMBER(SEARCH("HVCDP COFFEE",D80)),"Coffee (HVCDP)",IF(ISNUMBER(SEARCH("HVCDP EXPORT",D80)),"High Value Export Crops (Dragon Fruit/Ube/Okra/Banana)",IF(ISNUMBER(SEARCH("HVCDP",D80)),"High Value Crops (Vegetables/Fruits/Rootcrops)",IF(ISNUMBER(SEARCH("LIVESTOCK",D80)),"Livestock (Cattle/Carabao/Swine/Poultry)",IF(ISNUMBER(SEARCH("SAAD",D80)),"Various Commodities (SAAD)",IF(ISNUMBER(SEARCH("4KS",D80)),"Various Commodities (4Ks)",IF(ISNUMBER(SEARCH("4K",D80)),"Various Commodities (4Ks)",IF(ISNUMBER(SEARCH("HALAL",D80)),"Halal Food Products",IF(ISNUMBER(SEARCH("OAP",D80)),"Organic Agriculture",IF(ISNUMBER(SEARCH("NUPAP",D80)),"Vegetables (NUPAP/Urban Agri)","")))))))))))))) -> Rice
A81: Region 2 | B81: Cagayan | C81: Alcala | D81: Mobile Solar Powered Irrigation System - CORN Program | E81: 2000 | J81: DA-RFO2 CORN | AA81: =_xlfn.IFS(J81="DA-FMRDP","Farm-to-Market Road",J81="DA-RFO2 RICE","Rice",J81="DA-RFO2 Rice Program","Rice",J81="DA-RFO2 CORN","Corn",J81="DA-RFO2 Corn Program","Corn",J81="DA-RFO2 HVCDP","High Value Crops (Vegetables/Fruits/Rootcrops)",J81="DA-RFO2 HVCDP Export","High Value Export Crops (Dragon Fruit/Ube/Okra/Banana)",J81="DA-RFO2 HVCDP Coffee","Coffee (HVCDP)",J81="DA-RFO2 LIVESTOCK","Livestock (Cattle/Carabao/Swine/Poultry)",J81="DA-RFO2 SAAD","Various Commodities (SAAD)",J81="DA-RFO2 4K","Various Commodities (4Ks)",J81="DA-RFO2 4KS","Various Commodities (4Ks)",J81="DA-RFO2 HALAL","Halal Food Products",J81="DA-RFO2 OAP","Organic Agriculture",J81="DA-RFO2 NUPAP","Vegetables (NUPAP/Urban Agri)",TRUE,IF(ISNUMBER(SEARCH("FMR",D81)),"Farm-to-Market Road",IF(ISNUMBER(SEARCH("RICE",D81)),"Rice",IF(ISNUMBER(SEARCH("CORN",D81)),"Corn",IF(ISNUMBER(SEARCH("HVCDP COFFEE",D81)),"Coffee (HVCDP)",IF(ISNUMBER(SEARCH("HVCDP EXPORT",D81)),"High Value Export Crops (Dragon Fruit/Ube/Okra/Banana)",IF(ISNUMBER(SEARCH("HVCDP",D81)),"High Value Crops (Vegetables/Fruits/Rootcrops)",IF(ISNUMBER(SEARCH("LIVESTOCK",D81)),"Livestock (Cattle/Carabao/Swine/Poultry)",IF(ISNUMBER(SEARCH("SAAD",D81)),"Various Commodities (SAAD)",IF(ISNUMBER(SEARCH("4KS",D81)),"Various Commodities (4Ks)",IF(ISNUMBER(SEARCH("4K",D81)),"Various Commodities (4Ks)",IF(ISNUMBER(SEARCH("HALAL",D81)),"Halal Food Products",IF(ISNUMBER(SEARCH("OAP",D81)),"Organic Agriculture",IF(ISNUMBER(SEARCH("NUPAP",D81)),"Vegetables (NUPAP/Urban Agri)","")))))))))))))) -> Corn
A82: Region 2 | B82: Cagayan | C82: Alcala | D82: Mobile SPIS (1 unit) - Corn Program | E82: 1000 | J82: DA-RFO2 Corn Program | AA82: =_xlfn.IFS(J82="DA-FMRDP","Farm-to-Market Road",J82="DA-RFO2 RICE","Rice",J82="DA-RFO2 Rice Program","Rice",J82="DA-RFO2 CORN","Corn",J82="DA-RFO2 Corn Program","Corn",J82="DA-RFO2 HVCDP","High Value Crops (Vegetables/Fruits/Rootcrops)",J82="DA-RFO2 HVCDP Export","High Value Export Crops (Dragon Fruit/Ube/Okra/Banana)",J82="DA-RFO2 HVCDP Coffee","Coffee (HVCDP)",J82="DA-RFO2 LIVESTOCK","Livestock (Cattle/Carabao/Swine/Poultry)",J82="DA-RFO2 SAAD","Various Commodities (SAAD)",J82="DA-RFO2 4K","Various Commodities (4Ks)",J82="DA-RFO2 4KS","Various Commodities (4Ks)",J82="DA-RFO2 HALAL","Halal Food Products",J82="DA-RFO2 OAP","Organic Agriculture",J82="DA-RFO2 NUPAP","Vegetables (NUPAP/Urban Agri)",TRUE,IF(ISNUMBER(SEARCH("FMR",D82)),"Farm-to-Market Road",IF(ISNUMBER(SEARCH("RICE",D82)),"Rice",IF(ISNUMBER(SEARCH("CORN",D82)),"Corn",IF(ISNUMBER(SEARCH("HVCDP COFFEE",D82)),"Coffee (HVCDP)",IF(ISNUMBER(SEARCH("HVCDP EXPORT",D82)),"High Value Export Crops (Dragon Fruit/Ube/Okra/Banana)",IF(ISNUMBER(SEARCH("HVCDP",D82)),"High Value Crops (Vegetables/Fruits/Rootcrops)",IF(ISNUMBER(SEARCH("LIVESTOCK",D82)),"Livestock (Cattle/Carabao/Swine/Poultry)",IF(ISNUMBER(SEARCH("SAAD",D82)),"Various Commodities (SAAD)",IF(ISNUMBER(SEARCH("4KS",D82)),"Various Commodities (4Ks)",IF(ISNUMBER(SEARCH("4K",D82)),"Various Commodities (4Ks)",IF(ISNUMBER(SEARCH("HALAL",D82)),"Halal Food Products",IF(ISNUMBER(SEARCH("OAP",D82)),"Organic Agriculture",IF(ISNUMBER(SEARCH("NUPAP",D82)),"Vegetables (NUPAP/Urban Agri)","")))))))))))))) -> Corn
A83: Region 2 | B83: Cagayan | C83: Alcala | D83: OPV Glutinous - CORN Program | E83: 187.5 | J83: DA-RFO2 CORN | AA83: =_xlfn.IFS(J83="DA-FMRDP","Farm-to-Market Road",J83="DA-RFO2 RICE","Rice",J83="DA-RFO2 Rice Program","Rice",J83="DA-RFO2 CORN","Corn",J83="DA-RFO2 Corn Program","Corn",J83="DA-RFO2 HVCDP","High Value Crops (Vegetables/Fruits/Rootcrops)",J83="DA-RFO2 HVCDP Export","High Value Export Crops (Dragon Fruit/Ube/Okra/Banana)",J83="DA-RFO2 HVCDP Coffee","Coffee (HVCDP)",J83="DA-RFO2 LIVESTOCK","Livestock (Cattle/Carabao/Swine/Poultry)",J83="DA-RFO2 SAAD","Various Commodities (SAAD)",J83="DA-RFO2 4K","Various Commodities (4Ks)",J83="DA-RFO2 4KS","Various Commodities (4Ks)",J83="DA-RFO2 HALAL","Halal Food Products",J83="DA-RFO2 OAP","Organic Agriculture",J83="DA-RFO2 NUPAP","Vegetables (NUPAP/Urban Agri)",TRUE,IF(ISNUMBER(SEARCH("FMR",D83)),"Farm-to-Market Road",IF(ISNUMBER(SEARCH("RICE",D83)),"Rice",IF(ISNUMBER(SEARCH("CORN",D83)),"Corn",IF(ISNUMBER(SEARCH("HVCDP COFFEE",D83)),"Coffee (HVCDP)",IF(ISNUMBER(SEARCH("HVCDP EXPORT",D83)),"High Value Export Crops (Dragon Fruit/Ube/Okra/Banana)",IF(ISNUMBER(SEARCH("HVCDP",D83)),"High Value Crops (Vegetables/Fruits/Rootcrops)",IF(ISNUMBER(SEARCH("LIVESTOCK",D83)),"Livestock (Cattle/Carabao/Swine/Poultry)",IF(ISNUMBER(SEARCH("SAAD",D83)),"Various Commodities (SAAD)",IF(ISNUMBER(SEARCH("4KS",D83)),"Various Commodities (4Ks)",IF(ISNUMBER(SEARCH("4K",D83)),"Various Commodities (4Ks)",IF(ISNUMBER(SEARCH("HALAL",D83)),"Halal Food Products",IF(ISNUMBER(SEARCH("OAP",D83)),"Organic Agriculture",IF(ISNUMBER(SEARCH("NUPAP",D83)),"Vegetables (NUPAP/Urban Agri)","")))))))))))))) -> Corn
A84: Region 2 | B84: Cagayan | C84: Alcala | D84: Organic Fertilizer - HVCDP | E84: 90 | J84: DA-RFO2 HVCDP | AA84: =_xlfn.IFS(J84="DA-FMRDP","Farm-to-Market Road",J84="DA-RFO2 RICE","Rice",J84="DA-RFO2 Rice Program","Rice",J84="DA-RFO2 CORN","Corn",J84="DA-RFO2 Corn Program","Corn",J84="DA-RFO2 HVCDP","High Value Crops (Vegetables/Fruits/Rootcrops)",J84="DA-RFO2 HVCDP Export","High Value Export Crops (Dragon Fruit/Ube/Okra/Banana)",J84="DA-RFO2 HVCDP Coffee","Coffee (HVCDP)",J84="DA-RFO2 LIVESTOCK","Livestock (Cattle/Carabao/Swine/Poultry)",J84="DA-RFO2 SAAD","Various Commodities (SAAD)",J84="DA-RFO2 4K","Various Commodities (4Ks)",J84="DA-RFO2 4KS","Various Commodities (4Ks)",J84="DA-RFO2 HALAL","Halal Food Products",J84="DA-RFO2 OAP","Organic Agriculture",J84="DA-RFO2 NUPAP","Vegetables (NUPAP/Urban Agri)",TRUE,IF(ISNUMBER(SEARCH("FMR",D84)),"Farm-to-Market Road",IF(ISNUMBER(SEARCH("RICE",D84)),"Rice",IF(ISNUMBER(SEARCH("CORN",D84)),"Corn",IF(ISNUMBER(SEARCH("HVCDP COFFEE",D84)),"Coffee (HVCDP)",IF(ISNUMBER(SEARCH("HVCDP EXPORT",D84)),"High Value Export Crops (Dragon Fruit/Ube/Okra/Banana)",IF(ISNUMBER(SEARCH("HVCDP",D84)),"High Value Crops (Vegetables/Fruits/Rootcrops)",IF(ISNUMBER(SEARCH("LIVESTOCK",D84)),"Livestock (Cattle/Carabao/Swine/Poultry)",IF(ISNUMBER(SEARCH("SAAD",D84)),"Various Commodities (SAAD)",IF(ISNUMBER(SEARCH("4KS",D84)),"Various Commodities (4Ks)",IF(ISNUMBER(SEARCH("4K",D84)),"Various Commodities (4Ks)",IF(ISNUMBER(SEARCH("HALAL",D84)),"Halal Food Products",IF(ISNUMBER(SEARCH("OAP",D84)),"Organic Agriculture",IF(ISNUMBER(SEARCH("NUPAP",D84)),"Vegetables (NUPAP/Urban Agri)","")))))))))))))) -> High Value Crops (Vegetables/Fruits/Rootcrops)
A85: Region 2 | B85: Cagayan | C85: Alcala | D85: RECOMMENDED CORN PRODUCTION TECHNOLOGIES (RCPT) - CORN | E85: 3107.5 | J85: DA-RFO2 CORN | AA85: =_xlfn.IFS(J85="DA-FMRDP","Farm-to-Market Road",J85="DA-RFO2 RICE","Rice",J85="DA-RFO2 Rice Program","Rice",J85="DA-RFO2 CORN","Corn",J85="DA-RFO2 Corn Program","Corn",J85="DA-RFO2 HVCDP","High Value Crops (Vegetables/Fruits/Rootcrops)",J85="DA-RFO2 HVCDP Export","High Value Export Crops (Dragon Fruit/Ube/Okra/Banana)",J85="DA-RFO2 HVCDP Coffee","Coffee (HVCDP)",J85="DA-RFO2 LIVESTOCK","Livestock (Cattle/Carabao/Swine/Poultry)",J85="DA-RFO2 SAAD","Various Commodities (SAAD)",J85="DA-RFO2 4K","Various Commodities (4Ks)",J85="DA-RFO2 4KS","Various Commodities (4Ks)",J85="DA-RFO2 HALAL","Halal Food Products",J85="DA-RFO2 OAP","Organic Agriculture",J85="DA-RFO2 NUPAP","Vegetables (NUPAP/Urban Agri)",TRUE,IF(ISNUMBER(SEARCH("FMR",D85)),"Farm-to-Market Road",IF(ISNUMBER(SEARCH("RICE",D85)),"Rice",IF(ISNUMBER(SEARCH("CORN",D85)),"Corn",IF(ISNUMBER(SEARCH("HVCDP COFFEE",D85)),"Coffee (HVCDP)",IF(ISNUMBER(SEARCH("HVCDP EXPORT",D85)),"High Value Export Crops (Dragon Fruit/Ube/Okra/Banana)",IF(ISNUMBER(SEARCH("HVCDP",D85)),"High Value Crops (Vegetables/Fruits/Rootcrops)",IF(ISNUMBER(SEARCH("LIVESTOCK",D85)),"Livestock (Cattle/Carabao/Swine/Poultry)",IF(ISNUMBER(SEARCH("SAAD",D85)),"Various Commodities (SAAD)",IF(ISNUMBER(SEARCH("4KS",D85)),"Various Commodities (4Ks)",IF(ISNUMBER(SEARCH("4K",D85)),"Various Commodities (4Ks)",IF(ISNUMBER(SEARCH("HALAL",D85)),"Halal Food Products",IF(ISNUMBER(SEARCH("OAP",D85)),"Organic Agriculture",IF(ISNUMBER(SEARCH("NUPAP",D85)),"Vegetables (NUPAP/Urban Agri)","")))))))))))))) -> Corn
A86: Region 2 | B86: Cagayan | C86: Alcala | D86: Rehabilitation of Masin SPIS I (1 unit) - Rice Program | E86: 1500 | J86: DA-RFO2 Rice Program | AA86: =_xlfn.IFS(J86="DA-FMRDP","Farm-to-Market Road",J86="DA-RFO2 RICE","Rice",J86="DA-RFO2 Rice Program","Rice",J86="DA-RFO2 CORN","Corn",J86="DA-RFO2 Corn Program","Corn",J86="DA-RFO2 HVCDP","High Value Crops (Vegetables/Fruits/Rootcrops)",J86="DA-RFO2 HVCDP Export","High Value Export Crops (Dragon Fruit/Ube/Okra/Banana)",J86="DA-RFO2 HVCDP Coffee","Coffee (HVCDP)",J86="DA-RFO2 LIVESTOCK","Livestock (Cattle/Carabao/Swine/Poultry)",J86="DA-RFO2 SAAD","Various Commodities (SAAD)",J86="DA-RFO2 4K","Various Commodities (4Ks)",J86="DA-RFO2 4KS","Various Commodities (4Ks)",J86="DA-RFO2 HALAL","Halal Food Products",J86="DA-RFO2 OAP","Organic Agriculture",J86="DA-RFO2 NUPAP","Vegetables (NUPAP/Urban Agri)",TRUE,IF(ISNUMBER(SEARCH("FMR",D86)),"Farm-to-Market Road",IF(ISNUMBER(SEARCH("RICE",D86)),"Rice",IF(ISNUMBER(SEARCH("CORN",D86)),"Corn",IF(ISNUMBER(SEARCH("HVCDP COFFEE",D86)),"Coffee (HVCDP)",IF(ISNUMBER(SEARCH("HVCDP EXPORT",D86)),"High Value Export Crops (Dragon Fruit/Ube/Okra/Banana)",IF(ISNUMBER(SEARCH("HVCDP",D86)),"High Value Crops (Vegetables/Fruits/Rootcrops)",IF(ISNUMBER(SEARCH("LIVESTOCK",D86)),"Livestock (Cattle/Carabao/Swine/Poultry)",IF(ISNUMBER(SEARCH("SAAD",D86)),"Various Commodities (SAAD)",IF(ISNUMBER(SEARCH("4KS",D86)),"Various Commodities (4Ks)",IF(ISNUMBER(SEARCH("4K",D86)),"Various Commodities (4Ks)",IF(ISNUMBER(SEARCH("HALAL",D86)),"Halal Food Products",IF(ISNUMBER(SEARCH("OAP",D86)),"Organic Agriculture",IF(ISNUMBER(SEARCH("NUPAP",D86)),"Vegetables (NUPAP/Urban Agri)","")))))))))))))) -> Rice
A87: Region 2 | B87: Cagayan | C87: Alcala | D87: Rehabilitation of Masin SPIS II (1 unit) - Rice Program | E87: 1500 | J87: DA-RFO2 Rice Program | AA87: =_xlfn.IFS(J87="DA-FMRDP","Farm-to-Market Road",J87="DA-RFO2 RICE","Rice",J87="DA-RFO2 Rice Program","Rice",J87="DA-RFO2 CORN","Corn",J87="DA-RFO2 Corn Program","Corn",J87="DA-RFO2 HVCDP","High Value Crops (Vegetables/Fruits/Rootcrops)",J87="DA-RFO2 HVCDP Export","High Value Export Crops (Dragon Fruit/Ube/Okra/Banana)",J87="DA-RFO2 HVCDP Coffee","Coffee (HVCDP)",J87="DA-RFO2 LIVESTOCK","Livestock (Cattle/Carabao/Swine/Poultry)",J87="DA-RFO2 SAAD","Various Commodities (SAAD)",J87="DA-RFO2 4K","Various Commodities (4Ks)",J87="DA-RFO2 4KS","Various Commodities (4Ks)",J87="DA-RFO2 HALAL","Halal Food Products",J87="DA-RFO2 OAP","Organic Agriculture",J87="DA-RFO2 NUPAP","Vegetables (NUPAP/Urban Agri)",TRUE,IF(ISNUMBER(SEARCH("FMR",D87)),"Farm-to-Market Road",IF(ISNUMBER(SEARCH("RICE",D87)),"Rice",IF(ISNUMBER(SEARCH("CORN",D87)),"Corn",IF(ISNUMBER(SEARCH("HVCDP COFFEE",D87)),"Coffee (HVCDP)",IF(ISNUMBER(SEARCH("HVCDP EXPORT",D87)),"High Value Export Crops (Dragon Fruit/Ube/Okra/Banana)",IF(ISNUMBER(SEARCH("HVCDP",D87)),"High Value Crops (Vegetables/Fruits/Rootcrops)",IF(ISNUMBER(SEARCH("LIVESTOCK",D87)),"Livestock (Cattle/Carabao/Swine/Poultry)",IF(ISNUMBER(SEARCH("SAAD",D87)),"Various Commodities (SAAD)",IF(ISNUMBER(SEARCH("4KS",D87)),"Various Commodities (4Ks)",IF(ISNUMBER(SEARCH("4K",D87)),"Various Commodities (4Ks)",IF(ISNUMBER(SEARCH("HALAL",D87)),"Halal Food Products",IF(ISNUMBER(SEARCH("OAP",D87)),"Organic Agriculture",IF(ISNUMBER(SEARCH("NUPAP",D87)),"Vegetables (NUPAP/Urban Agri)","")))))))))))))) -> Rice
... A91: Region 2 | B91: Cagayan | C91: Alcala | D91: YELLOW CORN PRODUCTION ENHANCEMENT PROJECT - CORN | E91: 6825 | J91: DA-RFO2 CORN | AA91: =_xlfn.IFS(J91="DA-FMRDP","Farm-to-Market Road",J91="DA-RFO2 RICE","Rice",J91="DA-RFO2 Rice Program","Rice",J91="DA-RFO2 CORN","Corn",J91="DA-RFO2 Corn Program","Corn",J91="DA-RFO2 HVCDP","High Value Crops (Vegetables/Fruits/Rootcrops)",J91="DA-RFO2 HVCDP Export","High Value Export Crops (Dragon Fruit/Ube/Okra/Banana)",J91="DA-RFO2 HVCDP Coffee","Coffee (HVCDP)",J91="DA-RFO2 LIVESTOCK","Livestock (Cattle/Carabao/Swine/Poultry)",J91="DA-RFO2 SAAD","Various Commodities (SAAD)",J91="DA-RFO2 4K","Various Commodities (4Ks)",J91="DA-RFO2 4KS","Various Commodities (4Ks)",J91="DA-RFO2 HALAL","Halal Food Products",J91="DA-RFO2 OAP","Organic Agriculture",J91="DA-RFO2 NUPAP","Vegetables (NUPAP/Urban Agri)",TRUE,IF(ISNUMBER(SEARCH("FMR",D91)),"Farm-to-Market Road",IF(ISNUMBER(SEARCH("RICE",D91)),"Rice",IF(ISNUMBER(SEARCH("CORN",D91)),"Corn",IF(ISNUMBER(SEARCH("HVCDP COFFEE",D91)),"Coffee (HVCDP)",IF(ISNUMBER(SEARCH("HVCDP EXPORT",D91)),"High Value Export Crops (Dragon Fruit/Ube/Okra/Banana)",IF(ISNUMBER(SEARCH("HVCDP",D91)),"High Value Crops (Vegetables/Fruits/Rootcrops)",IF(ISNUMBER(SEARCH("LIVESTOCK",D91)),"Livestock (Cattle/Carabao/Swine/Poultry)",IF(ISNUMBER(SEARCH("SAAD",D91)),"Various Commodities (SAAD)",IF(ISNUMBER(SEARCH("4KS",D91)),"Various Commodities (4Ks)",IF(ISNUMBER(SEARCH("4K",D91)),"Various Commodities (4Ks)",IF(ISNUMBER(SEARCH("HALAL",D91)),"Halal Food Products",IF(ISNUMBER(SEARCH("OAP",D91)),"Organic Agriculture",IF(ISNUMBER(SEARCH("NUPAP",D91)),"Vegetables (NUPAP/Urban Agri)","")))))))))))))) -> Corn
A92: Region 2 | B92: Cagayan | C92: Allacapan | D92: Concreting of Brgy. Matucay to Sinuttulan FMR, Brgy. Matucay, Allacapan, Cagayan | F92: 24000 | J92: DA-FMRDP | AA92: =_xlfn.IFS(J92="DA-FMRDP","Farm-to-Market Road",J92="DA-RFO2 RICE","Rice",J92="DA-RFO2 Rice Program","Rice",J92="DA-RFO2 CORN","Corn",J92="DA-RFO2 Corn Program","Corn",J92="DA-RFO2 HVCDP","High Value Crops (Vegetables/Fruits/Rootcrops)",J92="DA-RFO2 HVCDP Export","High Value Export Crops (Dragon Fruit/Ube/Okra/Banana)",J92="DA-RFO2 HVCDP Coffee","Coffee (HVCDP)",J92="DA-RFO2 LIVESTOCK","Livestock (Cattle/Carabao/Swine/Poultry)",J92="DA-RFO2 SAAD","Various Commodities (SAAD)",J92="DA-RFO2 4K","Various Commodities (4Ks)",J92="DA-RFO2 4KS","Various Commodities (4Ks)",J92="DA-RFO2 HALAL","Halal Food Products",J92="DA-RFO2 OAP","Organic Agriculture",J92="DA-RFO2 NUPAP","Vegetables (NUPAP/Urban Agri)",TRUE,IF(ISNUMBER(SEARCH("FMR",D92)),"Farm-to-Market Road",IF(ISNUMBER(SEARCH("RICE",D92)),"Rice",IF(ISNUMBER(SEARCH("CORN",D92)),"Corn",IF(ISNUMBER(SEARCH("HVCDP COFFEE",D92)),"Coffee (HVCDP)",IF(ISNUMBER(SEARCH("HVCDP EXPORT",D92)),"High Value Export Crops (Dragon Fruit/Ube/Okra/Banana)",IF(ISNUMBER(SEARCH("HVCDP",D92)),"High Value Crops (Vegetables/Fruits/Rootcrops)",IF(ISNUMBER(SEARCH("LIVESTOCK",D92)),"Livestock (Cattle/Carabao/Swine/Poultry)",IF(ISNUMBER(SEARCH("SAAD",D92)),"Various Commodities (SAAD)",IF(ISNUMBER(SEARCH("4KS",D92)),"Various Commodities (4Ks)",IF(ISNUMBER(SEARCH("4K",D92)),"Various Commodities (4Ks)",IF(ISNUMBER(SEARCH("HALAL",D92)),"Halal Food Products",IF(ISNUMBER(SEARCH("OAP",D92)),"Organic Agriculture",IF(ISNUMBER(SEARCH("NUPAP",D92)),"Vegetables (NUPAP/Urban Agri)","")))))))))))))) -> Farm-to-Market Road
A93: Region 2 | B93: Cagayan | C93: Allacapan | D93: Concreting of Brgy. Tubel Farm-to-Market Road, Brgy. Tubel, Allacapan, Cagayan | F93: 15000 | J93: DA-FMRDP | AA93: =_xlfn.IFS(J93="DA-FMRDP","Farm-to-Market Road",J93="DA-RFO2 RICE","Rice",J93="DA-RFO2 Rice Program","Rice",J93="DA-RFO2 CORN","Corn",J93="DA-RFO2 Corn Program","Corn",J93="DA-RFO2 HVCDP","High Value Crops (Vegetables/Fruits/Rootcrops)",J93="DA-RFO2 HVCDP Export","High Value Export Crops (Dragon Fruit/Ube/Okra/Banana)",J93="DA-RFO2 HVCDP Coffee","Coffee (HVCDP)",J93="DA-RFO2 LIVESTOCK","Livestock (Cattle/Carabao/Swine/Poultry)",J93="DA-RFO2 SAAD","Various Commodities (SAAD)",J93="DA-RFO2 4K","Various Commodities (4Ks)",J93="DA-RFO2 4KS","Various Commodities (4Ks)",J93="DA-RFO2 HALAL","Halal Food Products",J93="DA-RFO2 OAP","Organic Agriculture",J93="DA-RFO2 NUPAP","Vegetables (NUPAP/Urban Agri)",TRUE,IF(ISNUMBER(SEARCH("FMR",D93)),"Farm-to-Market Road",IF(ISNUMBER(SEARCH("RICE",D93)),"Rice",IF(ISNUMBER(SEARCH("CORN",D93)),"Corn",IF(ISNUMBER(SEARCH("HVCDP COFFEE",D93)),"Coffee (HVCDP)",IF(ISNUMBER(SEARCH("HVCDP EXPORT",D93)),"High Value Export Crops (Dragon Fruit/Ube/Okra/Banana)",IF(ISNUMBER(SEARCH("HVCDP",D93)),"High Value Crops (Vegetables/Fruits/Rootcrops)",IF(ISNUMBER(SEARCH("LIVESTOCK",D93)),"Livestock (Cattle/Carabao/Swine/Poultry)",IF(ISNUMBER(SEARCH("SAAD",D93)),"Various Commodities (SAAD)",IF(ISNUMBER(SEARCH("4KS",D93)),"Various Commodities (4Ks)",IF(ISNUMBER(SEARCH("4K",D93)),"Various Commodities (4Ks)",IF(ISNUMBER(SEARCH("HALAL",D93)),"Halal Food Products",IF(ISNUMBER(SEARCH("OAP",D93)),"Organic Agriculture",IF(ISNUMBER(SEARCH("NUPAP",D93)),"Vegetables (NUPAP/Urban Agri)","")))))))))))))) -> Farm-to-Market Road
A94: Region 2 | B94: Cagayan | C94: Allacapan | D94: Concreting of Sitio Macagatao Capanickian FMR | E94: 15000 | J94: DA-FMRDP | AA94: =_xlfn.IFS(J94="DA-FMRDP","Farm-to-Market Road",J94="DA-RFO2 RICE","Rice",J94="DA-RFO2 Rice Program","Rice",J94="DA-RFO2 CORN","Corn",J94="DA-RFO2 Corn Program","Corn",J94="DA-RFO2 HVCDP","High Value Crops (Vegetables/Fruits/Rootcrops)",J94="DA-RFO2 HVCDP Export","High Value Export Crops (Dragon Fruit/Ube/Okra/Banana)",J94="DA-RFO2 HVCDP Coffee","Coffee (HVCDP)",J94="DA-RFO2 LIVESTOCK","Livestock (Cattle/Carabao/Swine/Poultry)",J94="DA-RFO2 SAAD","Various Commodities (SAAD)",J94="DA-RFO2 4K","Various Commodities (4Ks)",J94="DA-RFO2 4KS","Various Commodities (4Ks)",J94="DA-RFO2 HALAL","Halal Food Products",J94="DA-RFO2 OAP","Organic Agriculture",J94="DA-RFO2 NUPAP","Vegetables (NUPAP/Urban Agri)",TRUE,IF(ISNUMBER(SEARCH("FMR",D94)),"Farm-to-Market Road",IF(ISNUMBER(SEARCH("RICE",D94)),"Rice",IF(ISNUMBER(SEARCH("CORN",D94)),"Corn",IF(ISNUMBER(SEARCH("HVCDP COFFEE",D94)),"Coffee (HVCDP)",IF(ISNUMBER(SEARCH("HVCDP EXPORT",D94)),"High Value Export Crops (Dragon Fruit/Ube/Okra/Banana)",IF(ISNUMBER(SEARCH("HVCDP",D94)),"High Value Crops (Vegetables/Fruits/Rootcrops)",IF(ISNUMBER(SEARCH("LIVESTOCK",D94)),"Livestock (Cattle/Carabao/Swine/Poultry)",IF(ISNUMBER(SEARCH("SAAD",D94)),"Various Commodities (SAAD)",IF(ISNUMBER(SEARCH("4KS",D94)),"Various Commodities (4Ks)",IF(ISNUMBER(SEARCH("4K",D94)),"Various Commodities (4Ks)",IF(ISNUMBER(SEARCH("HALAL",D94)),"Halal Food Products",IF(ISNUMBER(SEARCH("OAP",D94)),"Organic Agriculture",IF(ISNUMBER(SEARCH("NUPAP",D94)),"Vegetables (NUPAP/Urban Agri)","")))))))))))))) -> Farm-to-Market Road
A95: Region 2 | B95: Cagayan | C95: Allacapan | D95: Corn Seeder (2 units) - Corn Program | E95: 400 | J95: DA-RFO2 Corn Program | AA95: =_xlfn.IFS(J95="DA-FMRDP","Farm-to-Market Road",J95="DA-RFO2 RICE","Rice",J95="DA-RFO2 Rice Program","Rice",J95="DA-RFO2 CORN","Corn",J95="DA-RFO2 Corn Program","Corn",J95="DA-RFO2 HVCDP","High Value Crops (Vegetables/Fruits/Rootcrops)",J95="DA-RFO2 HVCDP Export","High Value Export Crops (Dragon Fruit/Ube/Okra/Banana)",J95="DA-RFO2 HVCDP Coffee","Coffee (HVCDP)",J95="DA-RFO2 LIVESTOCK","Livestock (Cattle/Carabao/Swine/Poultry)",J95="DA-RFO2 SAAD","Various Commodities (SAAD)",J95="DA-RFO2 4K","Various Commodities (4Ks)",J95="DA-RFO2 4KS","Various Commodities (4Ks)",J95="DA-RFO2 HALAL","Halal Food Products",J95="DA-RFO2 OAP","Organic Agriculture",J95="DA-RFO2 NUPAP","Vegetables (NUPAP/Urban Agri)",TRUE,IF(ISNUMBER(SEARCH("FMR",D95)),"Farm-to-Market Road",IF(ISNUMBER(SEARCH("RICE",D95)),"Rice",IF(ISNUMBER(SEARCH("CORN",D95)),"Corn",IF(ISNUMBER(SEARCH("HVCDP COFFEE",D95)),"Coffee (HVCDP)",IF(ISNUMBER(SEARCH("HVCDP EXPORT",D95)),"High Value Export Crops (Dragon Fruit/Ube/Okra/Banana)",IF(ISNUMBER(SEARCH("HVCDP",D95)),"High Value Crops (Vegetables/Fruits/Rootcrops)",IF(ISNUMBER(SEARCH("LIVESTOCK",D95)),"Livestock (Cattle/Carabao/Swine/Poultry)",IF(ISNUMBER(SEARCH("SAAD",D95)),"Various Commodities (SAAD)",IF(ISNUMBER(SEARCH("4KS",D95)),"Various Commodities (4Ks)",IF(ISNUMBER(SEARCH("4K",D95)),"Various Commodities (4Ks)",IF(ISNUMBER(SEARCH("HALAL",D95)),"Halal Food Products",IF(ISNUMBER(SEARCH("OAP",D95)),"Organic Agriculture",IF(ISNUMBER(SEARCH("NUPAP",D95)),"Vegetables (NUPAP/Urban Agri)","")))))))))))))) -> Corn
A96: Region 2 | B96: Cagayan | C96: Allacapan | D96: Fertilizer Assistance - inorganic - Hybrid Area - RICE Program | E96: 20432.18 | F96: 2514.7299 | J96: DA-RFO2 RICE | AA96: =_xlfn.IFS(J96="DA-FMRDP","Farm-to-Market Road",J96="DA-RFO2 RICE","Rice",J96="DA-RFO2 Rice Program","Rice",J96="DA-RFO2 CORN","Corn",J96="DA-RFO2 Corn Program","Corn",J96="DA-RFO2 HVCDP","High Value Crops (Vegetables/Fruits/Rootcrops)",J96="DA-RFO2 HVCDP Export","High Value Export Crops (Dragon Fruit/Ube/Okra/Banana)",J96="DA-RFO2 HVCDP Coffee","Coffee (HVCDP)",J96="DA-RFO2 LIVESTOCK","Livestock (Cattle/Carabao/Swine/Poultry)",J96="DA-RFO2 SAAD","Various Commodities (SAAD)",J96="DA-RFO2 4K","Various Commodities (4Ks)",J96="DA-RFO2 4KS","Various Commodities (4Ks)",J96="DA-RFO2 HALAL","Halal Food Products",J96="DA-RFO2 OAP","Organic Agriculture",J96="DA-RFO2 NUPAP","Vegetables (NUPAP/Urban Agri)",TRUE,IF(ISNUMBER(SEARCH("FMR",D96)),"Farm-to-Market Road",IF(ISNUMBER(SEARCH("RICE",D96)),"Rice",IF(ISNUMBER(SEARCH("CORN",D96)),"Corn",IF(ISNUMBER(SEARCH("HVCDP COFFEE",D96)),"Coffee (HVCDP)",IF(ISNUMBER(SEARCH("HVCDP EXPORT",D96)),"High Value Export Crops (Dragon Fruit/Ube/Okra/Banana)",IF(ISNUMBER(SEARCH("HVCDP",D96)),"High Value Crops (Vegetables/Fruits/Rootcrops)",IF(ISNUMBER(SEARCH("LIVESTOCK",D96)),"Livestock (Cattle/Carabao/Swine/Poultry)",IF(ISNUMBER(SEARCH("SAAD",D96)),"Various Commodities (SAAD)",IF(ISNUMBER(SEARCH("4KS",D96)),"Various Commodities (4Ks)",IF(ISNUMBER(SEARCH("4K",D96)),"Various Commodities (4Ks)",IF(ISNUMBER(SEARCH("HALAL",D96)),"Halal Food Products",IF(ISNUMBER(SEARCH("OAP",D96)),"Organic Agriculture",IF(ISNUMBER(SEARCH("NUPAP",D96)),"Vegetables (NUPAP/Urban Agri)","")))))))))))))) -> Rice
A97: Region 2 | B97: Cagayan | C97: Allacapan | D97: Hybrid Seeds and Inorganic Fertilizers - RICE | E97: 91944.812 | J97: DA-RFO2 RICE | AA97: =_xlfn.IFS(J97="DA-FMRDP","Farm-to-Market Road",J97="DA-RFO2 RICE","Rice",J97="DA-RFO2 Rice Program","Rice",J97="DA-RFO2 CORN","Corn",J97="DA-RFO2 Corn Program","Corn",J97="DA-RFO2 HVCDP","High Value Crops (Vegetables/Fruits/Rootcrops)",J97="DA-RFO2 HVCDP Export","High Value Export Crops (Dragon Fruit/Ube/Okra/Banana)",J97="DA-RFO2 HVCDP Coffee","Coffee (HVCDP)",J97="DA-RFO2 LIVESTOCK","Livestock (Cattle/Carabao/Swine/Poultry)",J97="DA-RFO2 SAAD","Various Commodities (SAAD)",J97="DA-RFO2 4K","Various Commodities (4Ks)",J97="DA-RFO2 4KS","Various Commodities (4Ks)",J97="DA-RFO2 HALAL","Halal Food Products",J97="DA-RFO2 OAP","Organic Agriculture",J97="DA-RFO2 NUPAP","Vegetables (NUPAP/Urban Agri)",TRUE,IF(ISNUMBER(SEARCH("FMR",D97)),"Farm-to-Market Road",IF(ISNUMBER(SEARCH("RICE",D97)),"Rice",IF(ISNUMBER(SEARCH("CORN",D97)),"Corn",IF(ISNUMBER(SEARCH("HVCDP COFFEE",D97)),"Coffee (HVCDP)",IF(ISNUMBER(SEARCH("HVCDP EXPORT",D97)),"High Value Export Crops (Dragon Fruit/Ube/Okra/Banana)",IF(ISNUMBER(SEARCH("HVCDP",D97)),"High Value Crops (Vegetables/Fruits/Rootcrops)",IF(ISNUMBER(SEARCH("LIVESTOCK",D97)),"Livestock (Cattle/Carabao/Swine/Poultry)",IF(ISNUMBER(SEARCH("SAAD",D97)),"Various Commodities (SAAD)",IF(ISNUMBER(SEARCH("4KS",D97)),"Various Commodities (4Ks)",IF(ISNUMBER(SEARCH("4K",D97)),"Various Commodities (4Ks)",IF(ISNUMBER(SEARCH("HALAL",D97)),"Halal Food Products",IF(ISNUMBER(SEARCH("OAP",D97)),"Organic Agriculture",IF(ISNUMBER(SEARCH("NUPAP",D97)),"Vegetables (NUPAP/Urban Agri)","")))))))))))))) -> Rice
A98: Region 2 | B98: Cagayan | C98: Allacapan | D98: Improvement of Bessang SWIP (1 unit) - Rice Program | E98: 6800 | J98: DA-RFO2 Rice Program | AA98: =_xlfn.IFS(J98="DA-FMRDP","Farm-to-Market Road",J98="DA-RFO2 RICE","Rice",J98="DA-RFO2 Rice Program","Rice",J98="DA-RFO2 CORN","Corn",J98="DA-RFO2 Corn Program","Corn",J98="DA-RFO2 HVCDP","High Value Crops (Vegetables/Fruits/Rootcrops)",J98="DA-RFO2 HVCDP Export","High Value Export Crops (Dragon Fruit/Ube/Okra/Banana)",J98="DA-RFO2 HVCDP Coffee","Coffee (HVCDP)",J98="DA-RFO2 LIVESTOCK","Livestock (Cattle/Carabao/Swine/Poultry)",J98="DA-RFO2 SAAD","Various Commodities (SAAD)",J98="DA-RFO2 4K","Various Commodities (4Ks)",J98="DA-RFO2 4KS","Various Commodities (4Ks)",J98="DA-RFO2 HALAL","Halal Food Products",J98="DA-RFO2 OAP","Organic Agriculture",J98="DA-RFO2 NUPAP","Vegetables (NUPAP/Urban Agri)",TRUE,IF(ISNUMBER(SEARCH("FMR",D98)),"Farm-to-Market Road",IF(ISNUMBER(SEARCH("RICE",D98)),"Rice",IF(ISNUMBER(SEARCH("CORN",D98)),"Corn",IF(ISNUMBER(SEARCH("HVCDP COFFEE",D98)),"Coffee (HVCDP)",IF(ISNUMBER(SEARCH("HVCDP EXPORT",D98)),"High Value Export Crops (Dragon Fruit/Ube/Okra/Banana)",IF(ISNUMBER(SEARCH("HVCDP",D98)),"High Value Crops (Vegetables/Fruits/Rootcrops)",IF(ISNUMBER(SEARCH("LIVESTOCK",D98)),"Livestock (Cattle/Carabao/Swine/Poultry)",IF(ISNUMBER(SEARCH("SAAD",D98)),"Various Commodities (SAAD)",IF(ISNUMBER(SEARCH("4KS",D98)),"Various Commodities (4Ks)",IF(ISNUMBER(SEARCH("4K",D98)),"Various Commodities (4Ks)",IF(ISNUMBER(SEARCH("HALAL",D98)),"Halal Food Products",IF(ISNUMBER(SEARCH("OAP",D98)),"Organic Agriculture",IF(ISNUMBER(SEARCH("NUPAP",D98)),"Vegetables (NUPAP/Urban Agri)","")))))))))))))) -> Rice
A99: Region 2 | B99: Cagayan | C99: Allacapan | D99: Inorganic Fertilizers for Inbred Rice - RICE | E99: 6081.3713 | J99: DA-RFO2 RICE | AA99: =_xlfn.IFS(J99="DA-FMRDP","Farm-to-Market Road",J99="DA-RFO2 RICE","Rice",J99="DA-RFO2 Rice Program","Rice",J99="DA-RFO2 CORN","Corn",J99="DA-RFO2 Corn Program","Corn",J99="DA-RFO2 HVCDP","High Value Crops (Vegetables/Fruits/Rootcrops)",J99="DA-RFO2 HVCDP Export","High Value Export Crops (Dragon Fruit/Ube/Okra/Banana)",J99="DA-RFO2 HVCDP Coffee","Coffee (HVCDP)",J99="DA-RFO2 LIVESTOCK","Livestock (Cattle/Carabao/Swine/Poultry)",J99="DA-RFO2 SAAD","Various Commodities (SAAD)",J99="DA-RFO2 4K","Various Commodities (4Ks)",J99="DA-RFO2 4KS","Various Commodities (4Ks)",J99="DA-RFO2 HALAL","Halal Food Products",J99="DA-RFO2 OAP","Organic Agriculture",J99="DA-RFO2 NUPAP","Vegetables (NUPAP/Urban Agri)",TRUE,IF(ISNUMBER(SEARCH("FMR",D99)),"Farm-to-Market Road",IF(ISNUMBER(SEARCH("RICE",D99)),"Rice",IF(ISNUMBER(SEARCH("CORN",D99)),"Corn",IF(ISNUMBER(SEARCH("HVCDP COFFEE",D99)),"Coffee (HVCDP)",IF(ISNUMBER(SEARCH("HVCDP EXPORT",D99)),"High Value Export Crops (Dragon Fruit/Ube/Okra/Banana)",IF(ISNUMBER(SEARCH("HVCDP",D99)),"High Value Crops (Vegetables/Fruits/Rootcrops)",IF(ISNUMBER(SEARCH("LIVESTOCK",D99)),"Livestock (Cattle/Carabao/Swine/Poultry)",IF(ISNUMBER(SEARCH("SAAD",D99)),"Various Commodities (SAAD)",IF(ISNUMBER(SEARCH("4KS",D99)),"Various Commodities (4Ks)",IF(ISNUMBER(SEARCH("4K",D99)),"Various Commodities (4Ks)",IF(ISNUMBER(SEARCH("HALAL",D99)),"Halal Food Products",IF(ISNUMBER(SEARCH("OAP",D99)),"Organic Agriculture",IF(ISNUMBER(SEARCH("NUPAP",D99)),"Vegetables (NUPAP/Urban Agri)","")))))))))))))) -> Rice
A100: Region 2 | B100: Cagayan | C100: Allacapan | D100: Two-row Seeder - CORN Program | E100: 2700 | J100: DA-RFO2 CORN | AA100: =_xlfn.IFS(J100="DA-FMRDP","Farm-to-Market Road",J100="DA-RFO2 RICE","Rice",J100="DA-RFO2 Rice Program","Rice",J100="DA-RFO2 CORN","Corn",J100="DA-RFO2 Corn Program","Corn",J100="DA-RFO2 HVCDP","High Value Crops (Vegetables/Fruits/Rootcrops)",J100="DA-RFO2 HVCDP Export","High Value Export Crops (Dragon Fruit/Ube/Okra/Banana)",J100="DA-RFO2 HVCDP Coffee","Coffee (HVCDP)",J100="DA-RFO2 LIVESTOCK","Livestock (Cattle/Carabao/Swine/Poultry)",J100="DA-RFO2 SAAD","Various Commodities (SAAD)",J100="DA-RFO2 4K","Various Commodities (4Ks)",J100="DA-RFO2 4KS","Various Commodities (4Ks)",J100="DA-RFO2 HALAL","Halal Food Products",J100="DA-RFO2 OAP","Organic Agriculture",J100="DA-RFO2 NUPAP","Vegetables (NUPAP/Urban Agri)",TRUE,IF(ISNUMBER(SEARCH("FMR",D100)),"Farm-to-Market Road",IF(ISNUMBER(SEARCH("RICE",D100)),"Rice",IF(ISNUMBER(SEARCH("CORN",D100)),"Corn",IF(ISNUMBER(SEARCH("HVCDP COFFEE",D100)),"Coffee (HVCDP)",IF(ISNUMBER(SEARCH("HVCDP EXPORT",D100)),"High Value Export Crops (Dragon Fruit/Ube/Okra/Banana)",IF(ISNUMBER(SEARCH("HVCDP",D100)),"High Value Crops (Vegetables/Fruits/Rootcrops)",IF(ISNUMBER(SEARCH("LIVESTOCK",D100)),"Livestock (Cattle/Carabao/Swine/Poultry)",IF(ISNUMBER(SEARCH("SAAD",D100)),"Various Commodities (SAAD)",IF(ISNUMBER(SEARCH("4KS",D100)),"Various Commodities (4Ks)",IF(ISNUMBER(SEARCH("4K",D100)),"Various Commodities (4Ks)",IF(ISNUMBER(SEARCH("HALAL",D100)),"Halal Food Products",IF(ISNUMBER(SEARCH("OAP",D100)),"Organic Agriculture",IF(ISNUMBER(SEARCH("NUPAP",D100)),"Vegetables (NUPAP/Urban Agri)","")))))))))))))) -> Corn
A101: Region 2 | B101: Cagayan | C101: Amulung | D101: Agricultural Lime - CORN Program | E101: 1000 | J101: DA-RFO2 CORN | AA101: =_xlfn.IFS(J101="DA-FMRDP","Farm-to-Market Road",J101="DA-RFO2 RICE","Rice",J101="DA-RFO2 Rice Program","Rice",J101="DA-RFO2 CORN","Corn",J101="DA-RFO2 Corn Program","Corn",J101="DA-RFO2 HVCDP","High Value Crops (Vegetables/Fruits/Rootcrops)",J101="DA-RFO2 HVCDP Export","High Value Export Crops (Dragon Fruit/Ube/Okra/Banana)",J101="DA-RFO2 HVCDP Coffee","Coffee (HVCDP)",J101="DA-RFO2 LIVESTOCK","Livestock (Cattle/Carabao/Swine/Poultry)",J101="DA-RFO2 SAAD","Various Commodities (SAAD)",J101="DA-RFO2 4K","Various Commodities (4Ks)",J101="DA-RFO2 4KS","Various Commodities (4Ks)",J101="DA-RFO2 HALAL","Halal Food Products",J101="DA-RFO2 OAP","Organic Agriculture",J101="DA-RFO2 NUPAP","Vegetables (NUPAP/Urban Agri)",TRUE,IF(ISNUMBER(SEARCH("FMR",D101)),"Farm-to-Market Road",IF(ISNUMBER(SEARCH("RICE",D101)),"Rice",IF(ISNUMBER(SEARCH("CORN",D101)),"Corn",IF(ISNUMBER(SEARCH("HVCDP COFFEE",D101)),"Coffee (HVCDP)",IF(ISNUMBER(SEARCH("HVCDP EXPORT",D101)),"High Value Export Crops (Dragon Fruit/Ube/Okra/Banana)",IF(ISNUMBER(SEARCH("HVCDP",D101)),"High Value Crops (Vegetables/Fruits/Rootcrops)",IF(ISNUMBER(SEARCH("LIVESTOCK",D101)),"Livestock (Cattle/Carabao/Swine/Poultry)",IF(ISNUMBER(SEARCH("SAAD",D101)),"Various Commodities (SAAD)",IF(ISNUMBER(SEARCH("4KS",D101)),"Various Commodities (4Ks)",IF(ISNUMBER(SEARCH("4K",D101)),"Various Commodities (4Ks)",IF(ISNUMBER(SEARCH("HALAL",D101)),"Halal Food Products",IF(ISNUMBER(SEARCH("OAP",D101)),"Organic Agriculture",IF(ISNUMBER(SEARCH("NUPAP",D101)),"Vegetables (NUPAP/Urban Agri)","")))))))))))))) -> Corn
A102: Region 2 | B102: Cagayan | C102: Amulung | D102: Biofertilizer - CORN Program | E102: 310 | J102: DA-RFO2 CORN | AA102: =_xlfn.IFS(J102="DA-FMRDP","Farm-to-Market Road",J102="DA-RFO2 RICE","Rice",J102="DA-RFO2 Rice Program","Rice",J102="DA-RFO2 CORN","Corn",J102="DA-RFO2 Corn Program","Corn",J102="DA-RFO2 HVCDP","High Value Crops (Vegetables/Fruits/Rootcrops)",J102="DA-RFO2 HVCDP Export","High Value Export Crops (Dragon Fruit/Ube/Okra/Banana)",J102="DA-RFO2 HVCDP Coffee","Coffee (HVCDP)",J102="DA-RFO2 LIVESTOCK","Livestock (Cattle/Carabao/Swine/Poultry)",J102="DA-RFO2 SAAD","Various Commodities (SAAD)",J102="DA-RFO2 4K","Various Commodities (4Ks)",J102="DA-RFO2 4KS","Various Commodities (4Ks)",J102="DA-RFO2 HALAL","Halal Food Products",J102="DA-RFO2 OAP","Organic Agriculture",J102="DA-RFO2 NUPAP","Vegetables (NUPAP/Urban Agri)",TRUE,IF(ISNUMBER(SEARCH("FMR",D102)),"Farm-to-Market Road",IF(ISNUMBER(SEARCH("RICE",D102)),"Rice",IF(ISNUMBER(SEARCH("CORN",D102)),"Corn",IF(ISNUMBER(SEARCH("HVCDP COFFEE",D102)),"Coffee (HVCDP)",IF(ISNUMBER(SEARCH("HVCDP EXPORT",D102)),"High Value Export Crops (Dragon Fruit/Ube/Okra/Banana)",IF(ISNUMBER(SEARCH("HVCDP",D102)),"High Value Crops (Vegetables/Fruits/Rootcrops)",IF(ISNUMBER(SEARCH("LIVESTOCK",D102)),"Livestock (Cattle/Carabao/Swine/Poultry)",IF(ISNUMBER(SEARCH("SAAD",D102)),"Various Commodities (SAAD)",IF(ISNUMBER(SEARCH("4KS",D102)),"Various Commodities (4Ks)",IF(ISNUMBER(SEARCH("4K",D102)),"Various Commodities (4Ks)",IF(ISNUMBER(SEARCH("HALAL",D102)),"Halal Food Products",IF(ISNUMBER(SEARCH("OAP",D102)),"Organic Agriculture",IF(ISNUMBER(SEARCH("NUPAP",D102)),"Vegetables (NUPAP/Urban Agri)","")))))))))))))) -> Corn
A103: Region 2 | B103: Cagayan | C103: Amulung | D103: Combine Harvester (1 unit) - Corn Program | E103: 2100 | J103: DA-RFO2 Corn Program | AA103: =_xlfn.IFS(J103="DA-FMRDP","Farm-to-Market Road",J103="DA-RFO2 RICE","Rice",J103="DA-RFO2 Rice Program","Rice",J103="DA-RFO2 CORN","Corn",J103="DA-RFO2 Corn Program","Corn",J103="DA-RFO2 HVCDP","High Value Crops (Vegetables/Fruits/Rootcrops)",J103="DA-RFO2 HVCDP Export","High Value Export Crops (Dragon Fruit/Ube/Okra/Banana)",J103="DA-RFO2 HVCDP Coffee","Coffee (HVCDP)",J103="DA-RFO2 LIVESTOCK","Livestock (Cattle/Carabao/Swine/Poultry)",J103="DA-RFO2 SAAD","Various Commodities (SAAD)",J103="DA-RFO2 4K","Various Commodities (4Ks)",J103="DA-RFO2 4KS","Various Commodities (4Ks)",J103="DA-RFO2 HALAL","Halal Food Products",J103="DA-RFO2 OAP","Organic Agriculture",J103="DA-RFO2 NUPAP","Vegetables (NUPAP/Urban Agri)",TRUE,IF(ISNUMBER(SEARCH("FMR",D103)),"Farm-to-Market Road",IF(ISNUMBER(SEARCH("RICE",D103)),"Rice",IF(ISNUMBER(SEARCH("CORN",D103)),"Corn",IF(ISNUMBER(SEARCH("HVCDP COFFEE",D103)),"Coffee (HVCDP)",IF(ISNUMBER(SEARCH("HVCDP EXPORT",D103)),"High Value Export Crops (Dragon Fruit/Ube/Okra/Banana)",IF(ISNUMBER(SEARCH("HVCDP",D103)),"High Value Crops (Vegetables/Fruits/Rootcrops)",IF(ISNUMBER(SEARCH("LIVESTOCK",D103)),"Livestock (Cattle/Carabao/Swine/Poultry)",IF(ISNUMBER(SEARCH("SAAD",D103)),"Various Commodities (SAAD)",IF(ISNUMBER(SEARCH("4KS",D103)),"Various Commodities (4Ks)",IF(ISNUMBER(SEARCH("4K",D103)),"Various Commodities (4Ks)",IF(ISNUMBER(SEARCH("HALAL",D103)),"Halal Food Products",IF(ISNUMBER(SEARCH("OAP",D103)),"Organic Agriculture",IF(ISNUMBER(SEARCH("NUPAP",D103)),"Vegetables (NUPAP/Urban Agri)","")))))))))))))) -> Corn
A104: Region 2 | B104: Cagayan | C104: Amulung | D104: Concreting of Brgy. La Suerte FMR | E104: 43500 | J104: DA-FMRDP | AA104: =_xlfn.IFS(J104="DA-FMRDP","Farm-to-Market Road",J104="DA-RFO2 RICE","Rice",J104="DA-RFO2 Rice Program","Rice",J104="DA-RFO2 CORN","Corn",J104="DA-RFO2 Corn Program","Corn",J104="DA-RFO2 HVCDP","High Value Crops (Vegetables/Fruits/Rootcrops)",J104="DA-RFO2 HVCDP Export","High Value Export Crops (Dragon Fruit/Ube/Okra/Banana)",J104="DA-RFO2 HVCDP Coffee","Coffee (HVCDP)",J104="DA-RFO2 LIVESTOCK","Livestock (Cattle/Carabao/Swine/Poultry)",J104="DA-RFO2 SAAD","Various Commodities (SAAD)",J104="DA-RFO2 4K","Various Commodities (4Ks)",J104="DA-RFO2 4KS","Various Commodities (4Ks)",J104="DA-RFO2 HALAL","Halal Food Products",J104="DA-RFO2 OAP","Organic Agriculture",J104="DA-RFO2 NUPAP","Vegetables (NUPAP/Urban Agri)",TRUE,IF(ISNUMBER(SEARCH("FMR",D104)),"Farm-to-Market Road",IF(ISNUMBER(SEARCH("RICE",D104)),"Rice",IF(ISNUMBER(SEARCH("CORN",D104)),"Corn",IF(ISNUMBER(SEARCH("HVCDP COFFEE",D104)),"Coffee (HVCDP)",IF(ISNUMBER(SEARCH("HVCDP EXPORT",D104)),"High Value Export Crops (Dragon Fruit/Ube/Okra/Banana)",IF(ISNUMBER(SEARCH("HVCDP",D104)),"High Value Crops (Vegetables/Fruits/Rootcrops)",IF(ISNUMBER(SEARCH("LIVESTOCK",D104)),"Livestock (Cattle/Carabao/Swine/Poultry)",IF(ISNUMBER(SEARCH("SAAD",D104)),"Various Commodities (SAAD)",IF(ISNUMBER(SEARCH("4KS",D104)),"Various Commodities (4Ks)",IF(ISNUMBER(SEARCH("4K",D104)),"Various Commodities (4Ks)",IF(ISNUMBER(SEARCH("HALAL",D104)),"Halal Food Products",IF(ISNUMBER(SEARCH("OAP",D104)),"Organic Agriculture",IF(ISNUMBER(SEARCH("NUPAP",D104)),"Vegetables (NUPAP/Urban Agri)","")))))))))))))) -> Farm-to-Market Road
A105: Region 2 | B105: Cagayan | C105: Amulung | D105: Corn Combine Harvester - CORN Program | E105: 2100 | J105: DA-RFO2 CORN | AA105: =_xlfn.IFS(J105="DA-FMRDP","Farm-to-Market Road",J105="DA-RFO2 RICE","Rice",J105="DA-RFO2 Rice Program","Rice",J105="DA-RFO2 CORN","Corn",J105="DA-RFO2 Corn Program","Corn",J105="DA-RFO2 HVCDP","High Value Crops (Vegetables/Fruits/Rootcrops)",J105="DA-RFO2 HVCDP Export","High Value Export Crops (Dragon Fruit/Ube/Okra/Banana)",J105="DA-RFO2 HVCDP Coffee","Coffee (HVCDP)",J105="DA-RFO2 LIVESTOCK","Livestock (Cattle/Carabao/Swine/Poultry)",J105="DA-RFO2 SAAD","Various Commodities (SAAD)",J105="DA-RFO2 4K","Various Commodities (4Ks)",J105="DA-RFO2 4KS","Various Commodities (4Ks)",J105="DA-RFO2 HALAL","Halal Food Products",J105="DA-RFO2 OAP","Organic Agriculture",J105="DA-RFO2 NUPAP","Vegetables (NUPAP/Urban Agri)",TRUE,IF(ISNUMBER(SEARCH("FMR",D105)),"Farm-to-Market Road",IF(ISNUMBER(SEARCH("RICE",D105)),"Rice",IF(ISNUMBER(SEARCH("CORN",D105)),"Corn",IF(ISNUMBER(SEARCH("HVCDP COFFEE",D105)),"Coffee (HVCDP)",IF(ISNUMBER(SEARCH("HVCDP EXPORT",D105)),"High Value Export Crops (Dragon Fruit/Ube/Okra/Banana)",IF(ISNUMBER(SEARCH("HVCDP",D105)),"High Value Crops (Vegetables/Fruits/Rootcrops)",IF(ISNUMBER(SEARCH("LIVESTOCK",D105)),"Livestock (Cattle/Carabao/Swine/Poultry)",IF(ISNUMBER(SEARCH("SAAD",D105)),"Various Commodities (SAAD)",IF(ISNUMBER(SEARCH("4KS",D105)),"Various Commodities (4Ks)",IF(ISNUMBER(SEARCH("4K",D105)),"Various Commodities (4Ks)",IF(ISNUMBER(SEARCH("HALAL",D105)),"Halal Food Products",IF(ISNUMBER(SEARCH("OAP",D105)),"Organic Agriculture",IF(ISNUMBER(SEARCH("NUPAP",D105)),"Vegetables (NUPAP/Urban Agri)","")))))))))))))) -> Corn
...

Sheet BY COMMODITY or INDUSTRY
A1: DEPARTMENT OF AGRICULTURE
A2: FY 2027 Plan and Budget Proposals (PBP)
A3: ACCOMPLISHED BY: DA RFO2
A5: Indicative Geographic Targeting of FY 2027 Budget Proposals - per Commodity/ Industry
A7: Region | B7: Province | C7: City/ Municipality | D7: LGU-Identified Commodity for Co-Investment (2026 MAFIF & Meeting with Mindanao LCEs) | E7: DA OU's FY 2027 Proposed Allocation corresponding to the commodity/ industry in column 4 (if any) | G7: Additional FY 2027 commodity entry of the DA OU (if not reflected in Column 4) (specify the commodity) | H7: DA OU's FY 2027 Proposed Allocation corresponding to the commodity entry in Column 7 (if any) | J7: DA Operating Unit / Agency with Corresponding FY 2027 Proposal
E8: TIER 1 ('000) | F8: TIER 2 ('000) | H8: TIER 1 ('000) | I8: TIER 2 ('000)
A9: (1) | B9: (2) | C9: (3) | D9: (4) | E9: (5) | F9: (6) | G9: (7) | H9: (8) | I9: (9) | J9: (10)
A10: Region 2 | B10: Batanes | C10: [not specified] | D10: Poultry | E10: =SUMIFS('BY INTERVENTION'!$E:$E,'BY INTERVENTION'!$B:$B,B10,'BY INTERVENTION'!$C:$C,C10,'BY INTERVENTION'!$AA:$AA,D10) -> 0 | F10: =SUMIFS('BY INTERVENTION'!$F:$F,'BY INTERVENTION'!$B:$B,B10,'BY INTERVENTION'!$C:$C,C10,'BY INTERVENTION'!$AA:$AA,D10) -> 0 | J10: DA-RFO2
A11: Region 2 | B11: Batanes | C11: Basco | D11: Farm-to-Market Road | E11: =SUMIFS('BY INTERVENTION'!$E:$E,'BY INTERVENTION'!$B:$B,B11,'BY INTERVENTION'!$C:$C,C11,'BY INTERVENTION'!$AA:$AA,D11) -> 32500 | F11: =SUMIFS('BY INTERVENTION'!$F:$F,'BY INTERVENTION'!$B:$B,B11,'BY INTERVENTION'!$C:$C,C11,'BY INTERVENTION'!$AA:$AA,D11) -> 41000 | J11: DA-FMRDP
A12: Region 2 | B12: Batanes | C12: Basco | D12: High Value Crops (Vegetables/Fruits/Rootcrops) | E12: =SUMIFS('BY INTERVENTION'!$E:$E,'BY INTERVENTION'!$B:$B,B12,'BY INTERVENTION'!$C:$C,C12,'BY INTERVENTION'!$AA:$AA,D12) -> 7120 | F12: =SUMIFS('BY INTERVENTION'!$F:$F,'BY INTERVENTION'!$B:$B,B12,'BY INTERVENTION'!$C:$C,C12,'BY INTERVENTION'!$AA:$AA,D12) -> 0 | J12: DA-RFO2 HVCDP
A13: Region 2 | B13: Batanes | C13: Basco | D13: Various Commodities (SAAD) | E13: =SUMIFS('BY INTERVENTION'!$E:$E,'BY INTERVENTION'!$B:$B,B13,'BY INTERVENTION'!$C:$C,C13,'BY INTERVENTION'!$AA:$AA,D13) -> 1555 | F13: =SUMIFS('BY INTERVENTION'!$F:$F,'BY INTERVENTION'!$B:$B,B13,'BY INTERVENTION'!$C:$C,C13,'BY INTERVENTION'!$AA:$AA,D13) -> 0 | J13: DA-RFO2 SAAD
A14: Region 2 | B14: Batanes | C14: Itbayat | D14: Farm-to-Market Road | E14: =SUMIFS('BY INTERVENTION'!$E:$E,'BY INTERVENTION'!$B:$B,B14,'BY INTERVENTION'!$C:$C,C14,'BY INTERVENTION'!$AA:$AA,D14) -> 35000 | F14: =SUMIFS('BY INTERVENTION'!$F:$F,'BY INTERVENTION'!$B:$B,B14,'BY INTERVENTION'!$C:$C,C14,'BY INTERVENTION'!$AA:$AA,D14) -> 49100 | J14: DA-FMRDP
A15: Region 2 | B15: Batanes | C15: Itbayat | D15: High Value Crops (Vegetables/Fruits/Rootcrops) | E15: =SUMIFS('BY INTERVENTION'!$E:$E,'BY INTERVENTION'!$B:$B,B15,'BY INTERVENTION'!$C:$C,C15,'BY INTERVENTION'!$AA:$AA,D15) -> 7120 | F15: =SUMIFS('BY INTERVENTION'!$F:$F,'BY INTERVENTION'!$B:$B,B15,'BY INTERVENTION'!$C:$C,C15,'BY INTERVENTION'!$AA:$AA,D15) -> 0 | J15: DA-RFO2 HVCDP
A16: Region 2 | B16: Batanes | C16: Itbayat | D16: Rice | E16: =SUMIFS('BY INTERVENTION'!$E:$E,'BY INTERVENTION'!$B:$B,B16,'BY INTERVENTION'!$C:$C,C16,'BY INTERVENTION'!$AA:$AA,D16) -> 0 | F16: =SUMIFS('BY INTERVENTION'!$F:$F,'BY INTERVENTION'!$B:$B,B16,'BY INTERVENTION'!$C:$C,C16,'BY INTERVENTION'!$AA:$AA,D16) -> 0 | J16: DA-RFO2
A17: Region 2 | B17: Batanes | C17: Itbayat | D17: Various Commodities (SAAD) | E17: =SUMIFS('BY INTERVENTION'!$E:$E,'BY INTERVENTION'!$B:$B,B17,'BY INTERVENTION'!$C:$C,C17,'BY INTERVENTION'!$AA:$AA,D17) -> 1555 | F17: =SUMIFS('BY INTERVENTION'!$F:$F,'BY INTERVENTION'!$B:$B,B17,'BY INTERVENTION'!$C:$C,C17,'BY INTERVENTION'!$AA:$AA,D17) -> 0 | J17: DA-RFO2 SAAD
A18: Region 2 | B18: Batanes | C18: Itbayat | D18: Vegetables - Garlic | E18: =SUMIFS('BY INTERVENTION'!$E:$E,'BY INTERVENTION'!$B:$B,B18,'BY INTERVENTION'!$C:$C,C18,'BY INTERVENTION'!$AA:$AA,D18) -> 0 | F18: =SUMIFS('BY INTERVENTION'!$F:$F,'BY INTERVENTION'!$B:$B,B18,'BY INTERVENTION'!$C:$C,C18,'BY INTERVENTION'!$AA:$AA,D18) -> 0 | J18: DA-RFO2
A19: Region 2 | B19: Batanes | C19: Ivana | D19: Banana | E19: =SUMIFS('BY INTERVENTION'!$E:$E,'BY INTERVENTION'!$B:$B,B19,'BY INTERVENTION'!$C:$C,C19,'BY INTERVENTION'!$AA:$AA,D19) -> 0 | F19: =SUMIFS('BY INTERVENTION'!$F:$F,'BY INTERVENTION'!$B:$B,B19,'BY INTERVENTION'!$C:$C,C19,'BY INTERVENTION'!$AA:$AA,D19) -> 0 | J19: DA-RFO2
A20: Region 2 | B20: Batanes | C20: Ivana | D20: Cattle | E20: =SUMIFS('BY INTERVENTION'!$E:$E,'BY INTERVENTION'!$B:$B,B20,'BY INTERVENTION'!$C:$C,C20,'BY INTERVENTION'!$AA:$AA,D20) -> 0 | F20: =SUMIFS('BY INTERVENTION'!$F:$F,'BY INTERVENTION'!$B:$B,B20,'BY INTERVENTION'!$C:$C,C20,'BY INTERVENTION'!$AA:$AA,D20) -> 0 | J20: DA-RFO2
A21: Region 2 | B21: Batanes | C21: Ivana | D21: Farm-to-Market Road | E21: =SUMIFS('BY INTERVENTION'!$E:$E,'BY INTERVENTION'!$B:$B,B21,'BY INTERVENTION'!$C:$C,C21,'BY INTERVENTION'!$AA:$AA,D21) -> 12500 | F21: =SUMIFS('BY INTERVENTION'!$F:$F,'BY INTERVENTION'!$B:$B,B21,'BY INTERVENTION'!$C:$C,C21,'BY INTERVENTION'!$AA:$AA,D21) -> 87120 | J21: DA-FMRDP
... A356: Region 2 | B356: Quirino | C356: Saguday | D356: Various Commodities (SAAD) | E356: =SUMIFS('BY INTERVENTION'!$E:$E,'BY INTERVENTION'!$B:$B,B356,'BY INTERVENTION'!$C:$C,C356,'BY INTERVENTION'!$AA:$AA,D356) -> 3730 | F356: =SUMIFS('BY INTERVENTION'!$F:$F,'BY INTERVENTION'!$B:$B,B356,'BY INTERVENTION'!$C:$C,C356,'BY INTERVENTION'!$AA:$AA,D356) -> 0 | J356: DA-RFO2 SAAD
A358: Note: Corn Program figures not yet final due to not yet disaggregated by Municipality
